DATE,DFEDTAR
19940101,3
19940102,3
19940103,3
19940104,3
19940105,3
19940106,3
19940107,3
19940108,3
19940109,3
19940110,3
19940111,3
19940112,3
19940113,3
19940114,3
19940115,3
19940116,3
19940117,3
19940118,3
19940119,3
19940120,3
19940121,3
19940122,3
19940123,3
19940124,3
19940125,3
19940126,3
19940127,3
19940128,3
19940129,3
19940130,3
19940131,3
19940201,3
19940202,3
19940203,3
19940204,3.25
19940205,3.25
19940206,3.25
19940207,3.25
19940208,3.25
19940209,3.25
19940210,3.25
19940211,3.25
19940212,3.25
19940213,3.25
19940214,3.25
19940215,3.25
19940216,3.25
19940217,3.25
19940218,3.25
19940219,3.25
19940220,3.25
19940221,3.25
19940222,3.25
19940223,3.25
19940224,3.25
19940225,3.25
19940226,3.25
19940227,3.25
19940228,3.25
19940301,3.25
19940302,3.25
19940303,3.25
19940304,3.25
19940305,3.25
19940306,3.25
19940307,3.25
19940308,3.25
19940309,3.25
19940310,3.25
19940311,3.25
19940312,3.25
19940313,3.25
19940314,3.25
19940315,3.25
19940316,3.25
19940317,3.25
19940318,3.25
19940319,3.25
19940320,3.25
19940321,3.25
19940322,3.5
19940323,3.5
19940324,3.5
19940325,3.5
19940326,3.5
19940327,3.5
19940328,3.5
19940329,3.5
19940330,3.5
19940331,3.5
19940401,3.5
19940402,3.5
19940403,3.5
19940404,3.5
19940405,3.5
19940406,3.5
19940407,3.5
19940408,3.5
19940409,3.5
19940410,3.5
19940411,3.5
19940412,3.5
19940413,3.5
19940414,3.5
19940415,3.5
19940416,3.5
19940417,3.5
19940418,3.75
19940419,3.75
19940420,3.75
19940421,3.75
19940422,3.75
19940423,3.75
19940424,3.75
19940425,3.75
19940426,3.75
19940427,3.75
19940428,3.75
19940429,3.75
19940430,3.75
19940501,3.75
19940502,3.75
19940503,3.75
19940504,3.75
19940505,3.75
19940506,3.75
19940507,3.75
19940508,3.75
19940509,3.75
19940510,3.75
19940511,3.75
19940512,3.75
19940513,3.75
19940514,3.75
19940515,3.75
19940516,3.75
19940517,4.25
19940518,4.25
19940519,4.25
19940520,4.25
19940521,4.25
19940522,4.25
19940523,4.25
19940524,4.25
19940525,4.25
19940526,4.25
19940527,4.25
19940528,4.25
19940529,4.25
19940530,4.25
19940531,4.25
19940601,4.25
19940602,4.25
19940603,4.25
19940604,4.25
19940605,4.25
19940606,4.25
19940607,4.25
19940608,4.25
19940609,4.25
19940610,4.25
19940611,4.25
19940612,4.25
19940613,4.25
19940614,4.25
19940615,4.25
19940616,4.25
19940617,4.25
19940618,4.25
19940619,4.25
19940620,4.25
19940621,4.25
19940622,4.25
19940623,4.25
19940624,4.25
19940625,4.25
19940626,4.25
19940627,4.25
19940628,4.25
19940629,4.25
19940630,4.25
19940701,4.25
19940702,4.25
19940703,4.25
19940704,4.25
19940705,4.25
19940706,4.25
19940707,4.25
19940708,4.25
19940709,4.25
19940710,4.25
19940711,4.25
19940712,4.25
19940713,4.25
19940714,4.25
19940715,4.25
19940716,4.25
19940717,4.25
19940718,4.25
19940719,4.25
19940720,4.25
19940721,4.25
19940722,4.25
19940723,4.25
19940724,4.25
19940725,4.25
19940726,4.25
19940727,4.25
19940728,4.25
19940729,4.25
19940730,4.25
19940731,4.25
19940801,4.25
19940802,4.25
19940803,4.25
19940804,4.25
19940805,4.25
19940806,4.25
19940807,4.25
19940808,4.25
19940809,4.25
19940810,4.25
19940811,4.25
19940812,4.25
19940813,4.25
19940814,4.25
19940815,4.25
19940816,4.75
19940817,4.75
19940818,4.75
19940819,4.75
19940820,4.75
19940821,4.75
19940822,4.75
19940823,4.75
19940824,4.75
19940825,4.75
19940826,4.75
19940827,4.75
19940828,4.75
19940829,4.75
19940830,4.75
19940831,4.75
19940901,4.75
19940902,4.75
19940903,4.75
19940904,4.75
19940905,4.75
19940906,4.75
19940907,4.75
19940908,4.75
19940909,4.75
19940910,4.75
19940911,4.75
19940912,4.75
19940913,4.75
19940914,4.75
19940915,4.75
19940916,4.75
19940917,4.75
19940918,4.75
19940919,4.75
19940920,4.75
19940921,4.75
19940922,4.75
19940923,4.75
19940924,4.75
19940925,4.75
19940926,4.75
19940927,4.75
19940928,4.75
19940929,4.75
19940930,4.75
19941001,4.75
19941002,4.75
19941003,4.75
19941004,4.75
19941005,4.75
19941006,4.75
19941007,4.75
19941008,4.75
19941009,4.75
19941010,4.75
19941011,4.75
19941012,4.75
19941013,4.75
19941014,4.75
19941015,4.75
19941016,4.75
19941017,4.75
19941018,4.75
19941019,4.75
19941020,4.75
19941021,4.75
19941022,4.75
19941023,4.75
19941024,4.75
19941025,4.75
19941026,4.75
19941027,4.75
19941028,4.75
19941029,4.75
19941030,4.75
19941031,4.75
19941101,4.75
19941102,4.75
19941103,4.75
19941104,4.75
19941105,4.75
19941106,4.75
19941107,4.75
19941108,4.75
19941109,4.75
19941110,4.75
19941111,4.75
19941112,4.75
19941113,4.75
19941114,4.75
19941115,5.5
19941116,5.5
19941117,5.5
19941118,5.5
19941119,5.5
19941120,5.5
19941121,5.5
19941122,5.5
19941123,5.5
19941124,5.5
19941125,5.5
19941126,5.5
19941127,5.5
19941128,5.5
19941129,5.5
19941130,5.5
19941201,5.5
19941202,5.5
19941203,5.5
19941204,5.5
19941205,5.5
19941206,5.5
19941207,5.5
19941208,5.5
19941209,5.5
19941210,5.5
19941211,5.5
19941212,5.5
19941213,5.5
19941214,5.5
19941215,5.5
19941216,5.5
19941217,5.5
19941218,5.5
19941219,5.5
19941220,5.5
19941221,5.5
19941222,5.5
19941223,5.5
19941224,5.5
19941225,5.5
19941226,5.5
19941227,5.5
19941228,5.5
19941229,5.5
19941230,5.5
19941231,5.5
19950101,5.5
19950102,5.5
19950103,5.5
19950104,5.5
19950105,5.5
19950106,5.5
19950107,5.5
19950108,5.5
19950109,5.5
19950110,5.5
19950111,5.5
19950112,5.5
19950113,5.5
19950114,5.5
19950115,5.5
19950116,5.5
19950117,5.5
19950118,5.5
19950119,5.5
19950120,5.5
19950121,5.5
19950122,5.5
19950123,5.5
19950124,5.5
19950125,5.5
19950126,5.5
19950127,5.5
19950128,5.5
19950129,5.5
19950130,5.5
19950131,5.5
19950201,6
19950202,6
19950203,6
19950204,6
19950205,6
19950206,6
19950207,6
19950208,6
19950209,6
19950210,6
19950211,6
19950212,6
19950213,6
19950214,6
19950215,6
19950216,6
19950217,6
19950218,6
19950219,6
19950220,6
19950221,6
19950222,6
19950223,6
19950224,6
19950225,6
19950226,6
19950227,6
19950228,6
19950301,6
19950302,6
19950303,6
19950304,6
19950305,6
19950306,6
19950307,6
19950308,6
19950309,6
19950310,6
19950311,6
19950312,6
19950313,6
19950314,6
19950315,6
19950316,6
19950317,6
19950318,6
19950319,6
19950320,6
19950321,6
19950322,6
19950323,6
19950324,6
19950325,6
19950326,6
19950327,6
19950328,6
19950329,6
19950330,6
19950331,6
19950401,6
19950402,6
19950403,6
19950404,6
19950405,6
19950406,6
19950407,6
19950408,6
19950409,6
19950410,6
19950411,6
19950412,6
19950413,6
19950414,6
19950415,6
19950416,6
19950417,6
19950418,6
19950419,6
19950420,6
19950421,6
19950422,6
19950423,6
19950424,6
19950425,6
19950426,6
19950427,6
19950428,6
19950429,6
19950430,6
19950501,6
19950502,6
19950503,6
19950504,6
19950505,6
19950506,6
19950507,6
19950508,6
19950509,6
19950510,6
19950511,6
19950512,6
19950513,6
19950514,6
19950515,6
19950516,6
19950517,6
19950518,6
19950519,6
19950520,6
19950521,6
19950522,6
19950523,6
19950524,6
19950525,6
19950526,6
19950527,6
19950528,6
19950529,6
19950530,6
19950531,6
19950601,6
19950602,6
19950603,6
19950604,6
19950605,6
19950606,6
19950607,6
19950608,6
19950609,6
19950610,6
19950611,6
19950612,6
19950613,6
19950614,6
19950615,6
19950616,6
19950617,6
19950618,6
19950619,6
19950620,6
19950621,6
19950622,6
19950623,6
19950624,6
19950625,6
19950626,6
19950627,6
19950628,6
19950629,6
19950630,6
19950701,6
19950702,6
19950703,6
19950704,6
19950705,6
19950706,5.75
19950707,5.75
19950708,5.75
19950709,5.75
19950710,5.75
19950711,5.75
19950712,5.75
19950713,5.75
19950714,5.75
19950715,5.75
19950716,5.75
19950717,5.75
19950718,5.75
19950719,5.75
19950720,5.75
19950721,5.75
19950722,5.75
19950723,5.75
19950724,5.75
19950725,5.75
19950726,5.75
19950727,5.75
19950728,5.75
19950729,5.75
19950730,5.75
19950731,5.75
19950801,5.75
19950802,5.75
19950803,5.75
19950804,5.75
19950805,5.75
19950806,5.75
19950807,5.75
19950808,5.75
19950809,5.75
19950810,5.75
19950811,5.75
19950812,5.75
19950813,5.75
19950814,5.75
19950815,5.75
19950816,5.75
19950817,5.75
19950818,5.75
19950819,5.75
19950820,5.75
19950821,5.75
19950822,5.75
19950823,5.75
19950824,5.75
19950825,5.75
19950826,5.75
19950827,5.75
19950828,5.75
19950829,5.75
19950830,5.75
19950831,5.75
19950901,5.75
19950902,5.75
19950903,5.75
19950904,5.75
19950905,5.75
19950906,5.75
19950907,5.75
19950908,5.75
19950909,5.75
19950910,5.75
19950911,5.75
19950912,5.75
19950913,5.75
19950914,5.75
19950915,5.75
19950916,5.75
19950917,5.75
19950918,5.75
19950919,5.75
19950920,5.75
19950921,5.75
19950922,5.75
19950923,5.75
19950924,5.75
19950925,5.75
19950926,5.75
19950927,5.75
19950928,5.75
19950929,5.75
19950930,5.75
19951001,5.75
19951002,5.75
19951003,5.75
19951004,5.75
19951005,5.75
19951006,5.75
19951007,5.75
19951008,5.75
19951009,5.75
19951010,5.75
19951011,5.75
19951012,5.75
19951013,5.75
19951014,5.75
19951015,5.75
19951016,5.75
19951017,5.75
19951018,5.75
19951019,5.75
19951020,5.75
19951021,5.75
19951022,5.75
19951023,5.75
19951024,5.75
19951025,5.75
19951026,5.75
19951027,5.75
19951028,5.75
19951029,5.75
19951030,5.75
19951031,5.75
19951101,5.75
19951102,5.75
19951103,5.75
19951104,5.75
19951105,5.75
19951106,5.75
19951107,5.75
19951108,5.75
19951109,5.75
19951110,5.75
19951111,5.75
19951112,5.75
19951113,5.75
19951114,5.75
19951115,5.75
19951116,5.75
19951117,5.75
19951118,5.75
19951119,5.75
19951120,5.75
19951121,5.75
19951122,5.75
19951123,5.75
19951124,5.75
19951125,5.75
19951126,5.75
19951127,5.75
19951128,5.75
19951129,5.75
19951130,5.75
19951201,5.75
19951202,5.75
19951203,5.75
19951204,5.75
19951205,5.75
19951206,5.75
19951207,5.75
19951208,5.75
19951209,5.75
19951210,5.75
19951211,5.75
19951212,5.75
19951213,5.75
19951214,5.75
19951215,5.75
19951216,5.75
19951217,5.75
19951218,5.75
19951219,5.5
19951220,5.5
19951221,5.5
19951222,5.5
19951223,5.5
19951224,5.5
19951225,5.5
19951226,5.5
19951227,5.5
19951228,5.5
19951229,5.5
19951230,5.5
19951231,5.5
19960101,5.5
19960102,5.5
19960103,5.5
19960104,5.5
19960105,5.5
19960106,5.5
19960107,5.5
19960108,5.5
19960109,5.5
19960110,5.5
19960111,5.5
19960112,5.5
19960113,5.5
19960114,5.5
19960115,5.5
19960116,5.5
19960117,5.5
19960118,5.5
19960119,5.5
19960120,5.5
19960121,5.5
19960122,5.5
19960123,5.5
19960124,5.5
19960125,5.5
19960126,5.5
19960127,5.5
19960128,5.5
19960129,5.5
19960130,5.5
19960131,5.25
19960201,5.25
19960202,5.25
19960203,5.25
19960204,5.25
19960205,5.25
19960206,5.25
19960207,5.25
19960208,5.25
19960209,5.25
19960210,5.25
19960211,5.25
19960212,5.25
19960213,5.25
19960214,5.25
19960215,5.25
19960216,5.25
19960217,5.25
19960218,5.25
19960219,5.25
19960220,5.25
19960221,5.25
19960222,5.25
19960223,5.25
19960224,5.25
19960225,5.25
19960226,5.25
19960227,5.25
19960228,5.25
19960229,5.25
19960301,5.25
19960302,5.25
19960303,5.25
19960304,5.25
19960305,5.25
19960306,5.25
19960307,5.25
19960308,5.25
19960309,5.25
19960310,5.25
19960311,5.25
19960312,5.25
19960313,5.25
19960314,5.25
19960315,5.25
19960316,5.25
19960317,5.25
19960318,5.25
19960319,5.25
19960320,5.25
19960321,5.25
19960322,5.25
19960323,5.25
19960324,5.25
19960325,5.25
19960326,5.25
19960327,5.25
19960328,5.25
19960329,5.25
19960330,5.25
19960331,5.25
19960401,5.25
19960402,5.25
19960403,5.25
19960404,5.25
19960405,5.25
19960406,5.25
19960407,5.25
19960408,5.25
19960409,5.25
19960410,5.25
19960411,5.25
19960412,5.25
19960413,5.25
19960414,5.25
19960415,5.25
19960416,5.25
19960417,5.25
19960418,5.25
19960419,5.25
19960420,5.25
19960421,5.25
19960422,5.25
19960423,5.25
19960424,5.25
19960425,5.25
19960426,5.25
19960427,5.25
19960428,5.25
19960429,5.25
19960430,5.25
19960501,5.25
19960502,5.25
19960503,5.25
19960504,5.25
19960505,5.25
19960506,5.25
19960507,5.25
19960508,5.25
19960509,5.25
19960510,5.25
19960511,5.25
19960512,5.25
19960513,5.25
19960514,5.25
19960515,5.25
19960516,5.25
19960517,5.25
19960518,5.25
19960519,5.25
19960520,5.25
19960521,5.25
19960522,5.25
19960523,5.25
19960524,5.25
19960525,5.25
19960526,5.25
19960527,5.25
19960528,5.25
19960529,5.25
19960530,5.25
19960531,5.25
19960601,5.25
19960602,5.25
19960603,5.25
19960604,5.25
19960605,5.25
19960606,5.25
19960607,5.25
19960608,5.25
19960609,5.25
19960610,5.25
19960611,5.25
19960612,5.25
19960613,5.25
19960614,5.25
19960615,5.25
19960616,5.25
19960617,5.25
19960618,5.25
19960619,5.25
19960620,5.25
19960621,5.25
19960622,5.25
19960623,5.25
19960624,5.25
19960625,5.25
19960626,5.25
19960627,5.25
19960628,5.25
19960629,5.25
19960630,5.25
19960701,5.25
19960702,5.25
19960703,5.25
19960704,5.25
19960705,5.25
19960706,5.25
19960707,5.25
19960708,5.25
19960709,5.25
19960710,5.25
19960711,5.25
19960712,5.25
19960713,5.25
19960714,5.25
19960715,5.25
19960716,5.25
19960717,5.25
19960718,5.25
19960719,5.25
19960720,5.25
19960721,5.25
19960722,5.25
19960723,5.25
19960724,5.25
19960725,5.25
19960726,5.25
19960727,5.25
19960728,5.25
19960729,5.25
19960730,5.25
19960731,5.25
19960801,5.25
19960802,5.25
19960803,5.25
19960804,5.25
19960805,5.25
19960806,5.25
19960807,5.25
19960808,5.25
19960809,5.25
19960810,5.25
19960811,5.25
19960812,5.25
19960813,5.25
19960814,5.25
19960815,5.25
19960816,5.25
19960817,5.25
19960818,5.25
19960819,5.25
19960820,5.25
19960821,5.25
19960822,5.25
19960823,5.25
19960824,5.25
19960825,5.25
19960826,5.25
19960827,5.25
19960828,5.25
19960829,5.25
19960830,5.25
19960831,5.25
19960901,5.25
19960902,5.25
19960903,5.25
19960904,5.25
19960905,5.25
19960906,5.25
19960907,5.25
19960908,5.25
19960909,5.25
19960910,5.25
19960911,5.25
19960912,5.25
19960913,5.25
19960914,5.25
19960915,5.25
19960916,5.25
19960917,5.25
19960918,5.25
19960919,5.25
19960920,5.25
19960921,5.25
19960922,5.25
19960923,5.25
19960924,5.25
19960925,5.25
19960926,5.25
19960927,5.25
19960928,5.25
19960929,5.25
19960930,5.25
19961001,5.25
19961002,5.25
19961003,5.25
19961004,5.25
19961005,5.25
19961006,5.25
19961007,5.25
19961008,5.25
19961009,5.25
19961010,5.25
19961011,5.25
19961012,5.25
19961013,5.25
19961014,5.25
19961015,5.25
19961016,5.25
19961017,5.25
19961018,5.25
19961019,5.25
19961020,5.25
19961021,5.25
19961022,5.25
19961023,5.25
19961024,5.25
19961025,5.25
19961026,5.25
19961027,5.25
19961028,5.25
19961029,5.25
19961030,5.25
19961031,5.25
19961101,5.25
19961102,5.25
19961103,5.25
19961104,5.25
19961105,5.25
19961106,5.25
19961107,5.25
19961108,5.25
19961109,5.25
19961110,5.25
19961111,5.25
19961112,5.25
19961113,5.25
19961114,5.25
19961115,5.25
19961116,5.25
19961117,5.25
19961118,5.25
19961119,5.25
19961120,5.25
19961121,5.25
19961122,5.25
19961123,5.25
19961124,5.25
19961125,5.25
19961126,5.25
19961127,5.25
19961128,5.25
19961129,5.25
19961130,5.25
19961201,5.25
19961202,5.25
19961203,5.25
19961204,5.25
19961205,5.25
19961206,5.25
19961207,5.25
19961208,5.25
19961209,5.25
19961210,5.25
19961211,5.25
19961212,5.25
19961213,5.25
19961214,5.25
19961215,5.25
19961216,5.25
19961217,5.25
19961218,5.25
19961219,5.25
19961220,5.25
19961221,5.25
19961222,5.25
19961223,5.25
19961224,5.25
19961225,5.25
19961226,5.25
19961227,5.25
19961228,5.25
19961229,5.25
19961230,5.25
19961231,5.25
19970101,5.25
19970102,5.25
19970103,5.25
19970104,5.25
19970105,5.25
19970106,5.25
19970107,5.25
19970108,5.25
19970109,5.25
19970110,5.25
19970111,5.25
19970112,5.25
19970113,5.25
19970114,5.25
19970115,5.25
19970116,5.25
19970117,5.25
19970118,5.25
19970119,5.25
19970120,5.25
19970121,5.25
19970122,5.25
19970123,5.25
19970124,5.25
19970125,5.25
19970126,5.25
19970127,5.25
19970128,5.25
19970129,5.25
19970130,5.25
19970131,5.25
19970201,5.25
19970202,5.25
19970203,5.25
19970204,5.25
19970205,5.25
19970206,5.25
19970207,5.25
19970208,5.25
19970209,5.25
19970210,5.25
19970211,5.25
19970212,5.25
19970213,5.25
19970214,5.25
19970215,5.25
19970216,5.25
19970217,5.25
19970218,5.25
19970219,5.25
19970220,5.25
19970221,5.25
19970222,5.25
19970223,5.25
19970224,5.25
19970225,5.25
19970226,5.25
19970227,5.25
19970228,5.25
19970301,5.25
19970302,5.25
19970303,5.25
19970304,5.25
19970305,5.25
19970306,5.25
19970307,5.25
19970308,5.25
19970309,5.25
19970310,5.25
19970311,5.25
19970312,5.25
19970313,5.25
19970314,5.25
19970315,5.25
19970316,5.25
19970317,5.25
19970318,5.25
19970319,5.25
19970320,5.25
19970321,5.25
19970322,5.25
19970323,5.25
19970324,5.25
19970325,5.5
19970326,5.5
19970327,5.5
19970328,5.5
19970329,5.5
19970330,5.5
19970331,5.5
19970401,5.5
19970402,5.5
19970403,5.5
19970404,5.5
19970405,5.5
19970406,5.5
19970407,5.5
19970408,5.5
19970409,5.5
19970410,5.5
19970411,5.5
19970412,5.5
19970413,5.5
19970414,5.5
19970415,5.5
19970416,5.5
19970417,5.5
19970418,5.5
19970419,5.5
19970420,5.5
19970421,5.5
19970422,5.5
19970423,5.5
19970424,5.5
19970425,5.5
19970426,5.5
19970427,5.5
19970428,5.5
19970429,5.5
19970430,5.5
19970501,5.5
19970502,5.5
19970503,5.5
19970504,5.5
19970505,5.5
19970506,5.5
19970507,5.5
19970508,5.5
19970509,5.5
19970510,5.5
19970511,5.5
19970512,5.5
19970513,5.5
19970514,5.5
19970515,5.5
19970516,5.5
19970517,5.5
19970518,5.5
19970519,5.5
19970520,5.5
19970521,5.5
19970522,5.5
19970523,5.5
19970524,5.5
19970525,5.5
19970526,5.5
19970527,5.5
19970528,5.5
19970529,5.5
19970530,5.5
19970531,5.5
19970601,5.5
19970602,5.5
19970603,5.5
19970604,5.5
19970605,5.5
19970606,5.5
19970607,5.5
19970608,5.5
19970609,5.5
19970610,5.5
19970611,5.5
19970612,5.5
19970613,5.5
19970614,5.5
19970615,5.5
19970616,5.5
19970617,5.5
19970618,5.5
19970619,5.5
19970620,5.5
19970621,5.5
19970622,5.5
19970623,5.5
19970624,5.5
19970625,5.5
19970626,5.5
19970627,5.5
19970628,5.5
19970629,5.5
19970630,5.5
19970701,5.5
19970702,5.5
19970703,5.5
19970704,5.5
19970705,5.5
19970706,5.5
19970707,5.5
19970708,5.5
19970709,5.5
19970710,5.5
19970711,5.5
19970712,5.5
19970713,5.5
19970714,5.5
19970715,5.5
19970716,5.5
19970717,5.5
19970718,5.5
19970719,5.5
19970720,5.5
19970721,5.5
19970722,5.5
19970723,5.5
19970724,5.5
19970725,5.5
19970726,5.5
19970727,5.5
19970728,5.5
19970729,5.5
19970730,5.5
19970731,5.5
19970801,5.5
19970802,5.5
19970803,5.5
19970804,5.5
19970805,5.5
19970806,5.5
19970807,5.5
19970808,5.5
19970809,5.5
19970810,5.5
19970811,5.5
19970812,5.5
19970813,5.5
19970814,5.5
19970815,5.5
19970816,5.5
19970817,5.5
19970818,5.5
19970819,5.5
19970820,5.5
19970821,5.5
19970822,5.5
19970823,5.5
19970824,5.5
19970825,5.5
19970826,5.5
19970827,5.5
19970828,5.5
19970829,5.5
19970830,5.5
19970831,5.5
19970901,5.5
19970902,5.5
19970903,5.5
19970904,5.5
19970905,5.5
19970906,5.5
19970907,5.5
19970908,5.5
19970909,5.5
19970910,5.5
19970911,5.5
19970912,5.5
19970913,5.5
19970914,5.5
19970915,5.5
19970916,5.5
19970917,5.5
19970918,5.5
19970919,5.5
19970920,5.5
19970921,5.5
19970922,5.5
19970923,5.5
19970924,5.5
19970925,5.5
19970926,5.5
19970927,5.5
19970928,5.5
19970929,5.5
19970930,5.5
19971001,5.5
19971002,5.5
19971003,5.5
19971004,5.5
19971005,5.5
19971006,5.5
19971007,5.5
19971008,5.5
19971009,5.5
19971010,5.5
19971011,5.5
19971012,5.5
19971013,5.5
19971014,5.5
19971015,5.5
19971016,5.5
19971017,5.5
19971018,5.5
19971019,5.5
19971020,5.5
19971021,5.5
19971022,5.5
19971023,5.5
19971024,5.5
19971025,5.5
19971026,5.5
19971027,5.5
19971028,5.5
19971029,5.5
19971030,5.5
19971031,5.5
19971101,5.5
19971102,5.5
19971103,5.5
19971104,5.5
19971105,5.5
19971106,5.5
19971107,5.5
19971108,5.5
19971109,5.5
19971110,5.5
19971111,5.5
19971112,5.5
19971113,5.5
19971114,5.5
19971115,5.5
19971116,5.5
19971117,5.5
19971118,5.5
19971119,5.5
19971120,5.5
19971121,5.5
19971122,5.5
19971123,5.5
19971124,5.5
19971125,5.5
19971126,5.5
19971127,5.5
19971128,5.5
19971129,5.5
19971130,5.5
19971201,5.5
19971202,5.5
19971203,5.5
19971204,5.5
19971205,5.5
19971206,5.5
19971207,5.5
19971208,5.5
19971209,5.5
19971210,5.5
19971211,5.5
19971212,5.5
19971213,5.5
19971214,5.5
19971215,5.5
19971216,5.5
19971217,5.5
19971218,5.5
19971219,5.5
19971220,5.5
19971221,5.5
19971222,5.5
19971223,5.5
19971224,5.5
19971225,5.5
19971226,5.5
19971227,5.5
19971228,5.5
19971229,5.5
19971230,5.5
19971231,5.5
19980101,5.5
19980102,5.5
19980103,5.5
19980104,5.5
19980105,5.5
19980106,5.5
19980107,5.5
19980108,5.5
19980109,5.5
19980110,5.5
19980111,5.5
19980112,5.5
19980113,5.5
19980114,5.5
19980115,5.5
19980116,5.5
19980117,5.5
19980118,5.5
19980119,5.5
19980120,5.5
19980121,5.5
19980122,5.5
19980123,5.5
19980124,5.5
19980125,5.5
19980126,5.5
19980127,5.5
19980128,5.5
19980129,5.5
19980130,5.5
19980131,5.5
19980201,5.5
19980202,5.5
19980203,5.5
19980204,5.5
19980205,5.5
19980206,5.5
19980207,5.5
19980208,5.5
19980209,5.5
19980210,5.5
19980211,5.5
19980212,5.5
19980213,5.5
19980214,5.5
19980215,5.5
19980216,5.5
19980217,5.5
19980218,5.5
19980219,5.5
19980220,5.5
19980221,5.5
19980222,5.5
19980223,5.5
19980224,5.5
19980225,5.5
19980226,5.5
19980227,5.5
19980228,5.5
19980301,5.5
19980302,5.5
19980303,5.5
19980304,5.5
19980305,5.5
19980306,5.5
19980307,5.5
19980308,5.5
19980309,5.5
19980310,5.5
19980311,5.5
19980312,5.5
19980313,5.5
19980314,5.5
19980315,5.5
19980316,5.5
19980317,5.5
19980318,5.5
19980319,5.5
19980320,5.5
19980321,5.5
19980322,5.5
19980323,5.5
19980324,5.5
19980325,5.5
19980326,5.5
19980327,5.5
19980328,5.5
19980329,5.5
19980330,5.5
19980331,5.5
19980401,5.5
19980402,5.5
19980403,5.5
19980404,5.5
19980405,5.5
19980406,5.5
19980407,5.5
19980408,5.5
19980409,5.5
19980410,5.5
19980411,5.5
19980412,5.5
19980413,5.5
19980414,5.5
19980415,5.5
19980416,5.5
19980417,5.5
19980418,5.5
19980419,5.5
19980420,5.5
19980421,5.5
19980422,5.5
19980423,5.5
19980424,5.5
19980425,5.5
19980426,5.5
19980427,5.5
19980428,5.5
19980429,5.5
19980430,5.5
19980501,5.5
19980502,5.5
19980503,5.5
19980504,5.5
19980505,5.5
19980506,5.5
19980507,5.5
19980508,5.5
19980509,5.5
19980510,5.5
19980511,5.5
19980512,5.5
19980513,5.5
19980514,5.5
19980515,5.5
19980516,5.5
19980517,5.5
19980518,5.5
19980519,5.5
19980520,5.5
19980521,5.5
19980522,5.5
19980523,5.5
19980524,5.5
19980525,5.5
19980526,5.5
19980527,5.5
19980528,5.5
19980529,5.5
19980530,5.5
19980531,5.5
19980601,5.5
19980602,5.5
19980603,5.5
19980604,5.5
19980605,5.5
19980606,5.5
19980607,5.5
19980608,5.5
19980609,5.5
19980610,5.5
19980611,5.5
19980612,5.5
19980613,5.5
19980614,5.5
19980615,5.5
19980616,5.5
19980617,5.5
19980618,5.5
19980619,5.5
19980620,5.5
19980621,5.5
19980622,5.5
19980623,5.5
19980624,5.5
19980625,5.5
19980626,5.5
19980627,5.5
19980628,5.5
19980629,5.5
19980630,5.5
19980701,5.5
19980702,5.5
19980703,5.5
19980704,5.5
19980705,5.5
19980706,5.5
19980707,5.5
19980708,5.5
19980709,5.5
19980710,5.5
19980711,5.5
19980712,5.5
19980713,5.5
19980714,5.5
19980715,5.5
19980716,5.5
19980717,5.5
19980718,5.5
19980719,5.5
19980720,5.5
19980721,5.5
19980722,5.5
19980723,5.5
19980724,5.5
19980725,5.5
19980726,5.5
19980727,5.5
19980728,5.5
19980729,5.5
19980730,5.5
19980731,5.5
19980801,5.5
19980802,5.5
19980803,5.5
19980804,5.5
19980805,5.5
19980806,5.5
19980807,5.5
19980808,5.5
19980809,5.5
19980810,5.5
19980811,5.5
19980812,5.5
19980813,5.5
19980814,5.5
19980815,5.5
19980816,5.5
19980817,5.5
19980818,5.5
19980819,5.5
19980820,5.5
19980821,5.5
19980822,5.5
19980823,5.5
19980824,5.5
19980825,5.5
19980826,5.5
19980827,5.5
19980828,5.5
19980829,5.5
19980830,5.5
19980831,5.5
19980901,5.5
19980902,5.5
19980903,5.5
19980904,5.5
19980905,5.5
19980906,5.5
19980907,5.5
19980908,5.5
19980909,5.5
19980910,5.5
19980911,5.5
19980912,5.5
19980913,5.5
19980914,5.5
19980915,5.5
19980916,5.5
19980917,5.5
19980918,5.5
19980919,5.5
19980920,5.5
19980921,5.5
19980922,5.5
19980923,5.5
19980924,5.5
19980925,5.5
19980926,5.5
19980927,5.5
19980928,5.5
19980929,5.25
19980930,5.25
19981001,5.25
19981002,5.25
19981003,5.25
19981004,5.25
19981005,5.25
19981006,5.25
19981007,5.25
19981008,5.25
19981009,5.25
19981010,5.25
19981011,5.25
19981012,5.25
19981013,5.25
19981014,5.25
19981015,5
19981016,5
19981017,5
19981018,5
19981019,5
19981020,5
19981021,5
19981022,5
19981023,5
19981024,5
19981025,5
19981026,5
19981027,5
19981028,5
19981029,5
19981030,5
19981031,5
19981101,5
19981102,5
19981103,5
19981104,5
19981105,5
19981106,5
19981107,5
19981108,5
19981109,5
19981110,5
19981111,5
19981112,5
19981113,5
19981114,5
19981115,5
19981116,5
19981117,4.75
19981118,4.75
19981119,4.75
19981120,4.75
19981121,4.75
19981122,4.75
19981123,4.75
19981124,4.75
19981125,4.75
19981126,4.75
19981127,4.75
19981128,4.75
19981129,4.75
19981130,4.75
19981201,4.75
19981202,4.75
19981203,4.75
19981204,4.75
19981205,4.75
19981206,4.75
19981207,4.75
19981208,4.75
19981209,4.75
19981210,4.75
19981211,4.75
19981212,4.75
19981213,4.75
19981214,4.75
19981215,4.75
19981216,4.75
19981217,4.75
19981218,4.75
19981219,4.75
19981220,4.75
19981221,4.75
19981222,4.75
19981223,4.75
19981224,4.75
19981225,4.75
19981226,4.75
19981227,4.75
19981228,4.75
19981229,4.75
19981230,4.75
19981231,4.75
19990101,4.75
19990102,4.75
19990103,4.75
19990104,4.75
19990105,4.75
19990106,4.75
19990107,4.75
19990108,4.75
19990109,4.75
19990110,4.75
19990111,4.75
19990112,4.75
19990113,4.75
19990114,4.75
19990115,4.75
19990116,4.75
19990117,4.75
19990118,4.75
19990119,4.75
19990120,4.75
19990121,4.75
19990122,4.75
19990123,4.75
19990124,4.75
19990125,4.75
19990126,4.75
19990127,4.75
19990128,4.75
19990129,4.75
19990130,4.75
19990131,4.75
19990201,4.75
19990202,4.75
19990203,4.75
19990204,4.75
19990205,4.75
19990206,4.75
19990207,4.75
19990208,4.75
19990209,4.75
19990210,4.75
19990211,4.75
19990212,4.75
19990213,4.75
19990214,4.75
19990215,4.75
19990216,4.75
19990217,4.75
19990218,4.75
19990219,4.75
19990220,4.75
19990221,4.75
19990222,4.75
19990223,4.75
19990224,4.75
19990225,4.75
19990226,4.75
19990227,4.75
19990228,4.75
19990301,4.75
19990302,4.75
19990303,4.75
19990304,4.75
19990305,4.75
19990306,4.75
19990307,4.75
19990308,4.75
19990309,4.75
19990310,4.75
19990311,4.75
19990312,4.75
19990313,4.75
19990314,4.75
19990315,4.75
19990316,4.75
19990317,4.75
19990318,4.75
19990319,4.75
19990320,4.75
19990321,4.75
19990322,4.75
19990323,4.75
19990324,4.75
19990325,4.75
19990326,4.75
19990327,4.75
19990328,4.75
19990329,4.75
19990330,4.75
19990331,4.75
19990401,4.75
19990402,4.75
19990403,4.75
19990404,4.75
19990405,4.75
19990406,4.75
19990407,4.75
19990408,4.75
19990409,4.75
19990410,4.75
19990411,4.75
19990412,4.75
19990413,4.75
19990414,4.75
19990415,4.75
19990416,4.75
19990417,4.75
19990418,4.75
19990419,4.75
19990420,4.75
19990421,4.75
19990422,4.75
19990423,4.75
19990424,4.75
19990425,4.75
19990426,4.75
19990427,4.75
19990428,4.75
19990429,4.75
19990430,4.75
19990501,4.75
19990502,4.75
19990503,4.75
19990504,4.75
19990505,4.75
19990506,4.75
19990507,4.75
19990508,4.75
19990509,4.75
19990510,4.75
19990511,4.75
19990512,4.75
19990513,4.75
19990514,4.75
19990515,4.75
19990516,4.75
19990517,4.75
19990518,4.75
19990519,4.75
19990520,4.75
19990521,4.75
19990522,4.75
19990523,4.75
19990524,4.75
19990525,4.75
19990526,4.75
19990527,4.75
19990528,4.75
19990529,4.75
19990530,4.75
19990531,4.75
19990601,4.75
19990602,4.75
19990603,4.75
19990604,4.75
19990605,4.75
19990606,4.75
19990607,4.75
19990608,4.75
19990609,4.75
19990610,4.75
19990611,4.75
19990612,4.75
19990613,4.75
19990614,4.75
19990615,4.75
19990616,4.75
19990617,4.75
19990618,4.75
19990619,4.75
19990620,4.75
19990621,4.75
19990622,4.75
19990623,4.75
19990624,4.75
19990625,4.75
19990626,4.75
19990627,4.75
19990628,4.75
19990629,4.75
19990630,5
19990701,5
19990702,5
19990703,5
19990704,5
19990705,5
19990706,5
19990707,5
19990708,5
19990709,5
19990710,5
19990711,5
19990712,5
19990713,5
19990714,5
19990715,5
19990716,5
19990717,5
19990718,5
19990719,5
19990720,5
19990721,5
19990722,5
19990723,5
19990724,5
19990725,5
19990726,5
19990727,5
19990728,5
19990729,5
19990730,5
19990731,5
19990801,5
19990802,5
19990803,5
19990804,5
19990805,5
19990806,5
19990807,5
19990808,5
19990809,5
19990810,5
19990811,5
19990812,5
19990813,5
19990814,5
19990815,5
19990816,5
19990817,5
19990818,5
19990819,5
19990820,5
19990821,5
19990822,5
19990823,5
19990824,5.25
19990825,5.25
19990826,5.25
19990827,5.25
19990828,5.25
19990829,5.25
19990830,5.25
19990831,5.25
19990901,5.25
19990902,5.25
19990903,5.25
19990904,5.25
19990905,5.25
19990906,5.25
19990907,5.25
19990908,5.25
19990909,5.25
19990910,5.25
19990911,5.25
19990912,5.25
19990913,5.25
19990914,5.25
19990915,5.25
19990916,5.25
19990917,5.25
19990918,5.25
19990919,5.25
19990920,5.25
19990921,5.25
19990922,5.25
19990923,5.25
19990924,5.25
19990925,5.25
19990926,5.25
19990927,5.25
19990928,5.25
19990929,5.25
19990930,5.25
19991001,5.25
19991002,5.25
19991003,5.25
19991004,5.25
19991005,5.25
19991006,5.25
19991007,5.25
19991008,5.25
19991009,5.25
19991010,5.25
19991011,5.25
19991012,5.25
19991013,5.25
19991014,5.25
19991015,5.25
19991016,5.25
19991017,5.25
19991018,5.25
19991019,5.25
19991020,5.25
19991021,5.25
19991022,5.25
19991023,5.25
19991024,5.25
19991025,5.25
19991026,5.25
19991027,5.25
19991028,5.25
19991029,5.25
19991030,5.25
19991031,5.25
19991101,5.25
19991102,5.25
19991103,5.25
19991104,5.25
19991105,5.25
19991106,5.25
19991107,5.25
19991108,5.25
19991109,5.25
19991110,5.25
19991111,5.25
19991112,5.25
19991113,5.25
19991114,5.25
19991115,5.25
19991116,5.5
19991117,5.5
19991118,5.5
19991119,5.5
19991120,5.5
19991121,5.5
19991122,5.5
19991123,5.5
19991124,5.5
19991125,5.5
19991126,5.5
19991127,5.5
19991128,5.5
19991129,5.5
19991130,5.5
19991201,5.5
19991202,5.5
19991203,5.5
19991204,5.5
19991205,5.5
19991206,5.5
19991207,5.5
19991208,5.5
19991209,5.5
19991210,5.5
19991211,5.5
19991212,5.5
19991213,5.5
19991214,5.5
19991215,5.5
19991216,5.5
19991217,5.5
19991218,5.5
19991219,5.5
19991220,5.5
19991221,5.5
19991222,5.5
19991223,5.5
19991224,5.5
19991225,5.5
19991226,5.5
19991227,5.5
19991228,5.5
19991229,5.5
19991230,5.5
19991231,5.5
20000101,5.5
20000102,5.5
20000103,5.5
20000104,5.5
20000105,5.5
20000106,5.5
20000107,5.5
20000108,5.5
20000109,5.5
20000110,5.5
20000111,5.5
20000112,5.5
20000113,5.5
20000114,5.5
20000115,5.5
20000116,5.5
20000117,5.5
20000118,5.5
20000119,5.5
20000120,5.5
20000121,5.5
20000122,5.5
20000123,5.5
20000124,5.5
20000125,5.5
20000126,5.5
20000127,5.5
20000128,5.5
20000129,5.5
20000130,5.5
20000131,5.5
20000201,5.5
20000202,5.75
20000203,5.75
20000204,5.75
20000205,5.75
20000206,5.75
20000207,5.75
20000208,5.75
20000209,5.75
20000210,5.75
20000211,5.75
20000212,5.75
20000213,5.75
20000214,5.75
20000215,5.75
20000216,5.75
20000217,5.75
20000218,5.75
20000219,5.75
20000220,5.75
20000221,5.75
20000222,5.75
20000223,5.75
20000224,5.75
20000225,5.75
20000226,5.75
20000227,5.75
20000228,5.75
20000229,5.75
20000301,5.75
20000302,5.75
20000303,5.75
20000304,5.75
20000305,5.75
20000306,5.75
20000307,5.75
20000308,5.75
20000309,5.75
20000310,5.75
20000311,5.75
20000312,5.75
20000313,5.75
20000314,5.75
20000315,5.75
20000316,5.75
20000317,5.75
20000318,5.75
20000319,5.75
20000320,5.75
20000321,6
20000322,6
20000323,6
20000324,6
20000325,6
20000326,6
20000327,6
20000328,6
20000329,6
20000330,6
20000331,6
20000401,6
20000402,6
20000403,6
20000404,6
20000405,6
20000406,6
20000407,6
20000408,6
20000409,6
20000410,6
20000411,6
20000412,6
20000413,6
20000414,6
20000415,6
20000416,6
20000417,6
20000418,6
20000419,6
20000420,6
20000421,6
20000422,6
20000423,6
20000424,6
20000425,6
20000426,6
20000427,6
20000428,6
20000429,6
20000430,6
20000501,6
20000502,6
20000503,6
20000504,6
20000505,6
20000506,6
20000507,6
20000508,6
20000509,6
20000510,6
20000511,6
20000512,6
20000513,6
20000514,6
20000515,6
20000516,6.5
20000517,6.5
20000518,6.5
20000519,6.5
20000520,6.5
20000521,6.5
20000522,6.5
20000523,6.5
20000524,6.5
20000525,6.5
20000526,6.5
20000527,6.5
20000528,6.5
20000529,6.5
20000530,6.5
20000531,6.5
20000601,6.5
20000602,6.5
20000603,6.5
20000604,6.5
20000605,6.5
20000606,6.5
20000607,6.5
20000608,6.5
20000609,6.5
20000610,6.5
20000611,6.5
20000612,6.5
20000613,6.5
20000614,6.5
20000615,6.5
20000616,6.5
20000617,6.5
20000618,6.5
20000619,6.5
20000620,6.5
20000621,6.5
20000622,6.5
20000623,6.5
20000624,6.5
20000625,6.5
20000626,6.5
20000627,6.5
20000628,6.5
20000629,6.5
20000630,6.5
20000701,6.5
20000702,6.5
20000703,6.5
20000704,6.5
20000705,6.5
20000706,6.5
20000707,6.5
20000708,6.5
20000709,6.5
20000710,6.5
20000711,6.5
20000712,6.5
20000713,6.5
20000714,6.5
20000715,6.5
20000716,6.5
20000717,6.5
20000718,6.5
20000719,6.5
20000720,6.5
20000721,6.5
20000722,6.5
20000723,6.5
20000724,6.5
20000725,6.5
20000726,6.5
20000727,6.5
20000728,6.5
20000729,6.5
20000730,6.5
20000731,6.5
20000801,6.5
20000802,6.5
20000803,6.5
20000804,6.5
20000805,6.5
20000806,6.5
20000807,6.5
20000808,6.5
20000809,6.5
20000810,6.5
20000811,6.5
20000812,6.5
20000813,6.5
20000814,6.5
20000815,6.5
20000816,6.5
20000817,6.5
20000818,6.5
20000819,6.5
20000820,6.5
20000821,6.5
20000822,6.5
20000823,6.5
20000824,6.5
20000825,6.5
20000826,6.5
20000827,6.5
20000828,6.5
20000829,6.5
20000830,6.5
20000831,6.5
20000901,6.5
20000902,6.5
20000903,6.5
20000904,6.5
20000905,6.5
20000906,6.5
20000907,6.5
20000908,6.5
20000909,6.5
20000910,6.5
20000911,6.5
20000912,6.5
20000913,6.5
20000914,6.5
20000915,6.5
20000916,6.5
20000917,6.5
20000918,6.5
20000919,6.5
20000920,6.5
20000921,6.5
20000922,6.5
20000923,6.5
20000924,6.5
20000925,6.5
20000926,6.5
20000927,6.5
20000928,6.5
20000929,6.5
20000930,6.5
20001001,6.5
20001002,6.5
20001003,6.5
20001004,6.5
20001005,6.5
20001006,6.5
20001007,6.5
20001008,6.5
20001009,6.5
20001010,6.5
20001011,6.5
20001012,6.5
20001013,6.5
20001014,6.5
20001015,6.5
20001016,6.5
20001017,6.5
20001018,6.5
20001019,6.5
20001020,6.5
20001021,6.5
20001022,6.5
20001023,6.5
20001024,6.5
20001025,6.5
20001026,6.5
20001027,6.5
20001028,6.5
20001029,6.5
20001030,6.5
20001031,6.5
20001101,6.5
20001102,6.5
20001103,6.5
20001104,6.5
20001105,6.5
20001106,6.5
20001107,6.5
20001108,6.5
20001109,6.5
20001110,6.5
20001111,6.5
20001112,6.5
20001113,6.5
20001114,6.5
20001115,6.5
20001116,6.5
20001117,6.5
20001118,6.5
20001119,6.5
20001120,6.5
20001121,6.5
20001122,6.5
20001123,6.5
20001124,6.5
20001125,6.5
20001126,6.5
20001127,6.5
20001128,6.5
20001129,6.5
20001130,6.5
20001201,6.5
20001202,6.5
20001203,6.5
20001204,6.5
20001205,6.5
20001206,6.5
20001207,6.5
20001208,6.5
20001209,6.5
20001210,6.5
20001211,6.5
20001212,6.5
20001213,6.5
20001214,6.5
20001215,6.5
20001216,6.5
20001217,6.5
20001218,6.5
20001219,6.5
20001220,6.5
20001221,6.5
20001222,6.5
20001223,6.5
20001224,6.5
20001225,6.5
20001226,6.5
20001227,6.5
20001228,6.5
20001229,6.5
20001230,6.5
20001231,6.5
20010101,6.5
20010102,6.5
20010103,6
20010104,6
20010105,6
20010106,6
20010107,6
20010108,6
20010109,6
20010110,6
20010111,6
20010112,6
20010113,6
20010114,6
20010115,6
20010116,6
20010117,6
20010118,6
20010119,6
20010120,6
20010121,6
20010122,6
20010123,6
20010124,6
20010125,6
20010126,6
20010127,6
20010128,6
20010129,6
20010130,6
20010131,5.5
20010201,5.5
20010202,5.5
20010203,5.5
20010204,5.5
20010205,5.5
20010206,5.5
20010207,5.5
20010208,5.5
20010209,5.5
20010210,5.5
20010211,5.5
20010212,5.5
20010213,5.5
20010214,5.5
20010215,5.5
20010216,5.5
20010217,5.5
20010218,5.5
20010219,5.5
20010220,5.5
20010221,5.5
20010222,5.5
20010223,5.5
20010224,5.5
20010225,5.5
20010226,5.5
20010227,5.5
20010228,5.5
20010301,5.5
20010302,5.5
20010303,5.5
20010304,5.5
20010305,5.5
20010306,5.5
20010307,5.5
20010308,5.5
20010309,5.5
20010310,5.5
20010311,5.5
20010312,5.5
20010313,5.5
20010314,5.5
20010315,5.5
20010316,5.5
20010317,5.5
20010318,5.5
20010319,5.5
20010320,5
20010321,5
20010322,5
20010323,5
20010324,5
20010325,5
20010326,5
20010327,5
20010328,5
20010329,5
20010330,5
20010331,5
20010401,5
20010402,5
20010403,5
20010404,5
20010405,5
20010406,5
20010407,5
20010408,5
20010409,5
20010410,5
20010411,5
20010412,5
20010413,5
20010414,5
20010415,5
20010416,5
20010417,5
20010418,4.5
20010419,4.5
20010420,4.5
20010421,4.5
20010422,4.5
20010423,4.5
20010424,4.5
20010425,4.5
20010426,4.5
20010427,4.5
20010428,4.5
20010429,4.5
20010430,4.5
20010501,4.5
20010502,4.5
20010503,4.5
20010504,4.5
20010505,4.5
20010506,4.5
20010507,4.5
20010508,4.5
20010509,4.5
20010510,4.5
20010511,4.5
20010512,4.5
20010513,4.5
20010514,4.5
20010515,4
20010516,4
20010517,4
20010518,4
20010519,4
20010520,4
20010521,4
20010522,4
20010523,4
20010524,4
20010525,4
20010526,4
20010527,4
20010528,4
20010529,4
20010530,4
20010531,4
20010601,4
20010602,4
20010603,4
20010604,4
20010605,4
20010606,4
20010607,4
20010608,4
20010609,4
20010610,4
20010611,4
20010612,4
20010613,4
20010614,4
20010615,4
20010616,4
20010617,4
20010618,4
20010619,4
20010620,4
20010621,4
20010622,4
20010623,4
20010624,4
20010625,4
20010626,4
20010627,3.75
20010628,3.75
20010629,3.75
20010630,3.75
20010701,3.75
20010702,3.75
20010703,3.75
20010704,3.75
20010705,3.75
20010706,3.75
20010707,3.75
20010708,3.75
20010709,3.75
20010710,3.75
20010711,3.75
20010712,3.75
20010713,3.75
20010714,3.75
20010715,3.75
20010716,3.75
20010717,3.75
20010718,3.75
20010719,3.75
20010720,3.75
20010721,3.75
20010722,3.75
20010723,3.75
20010724,3.75
20010725,3.75
20010726,3.75
20010727,3.75
20010728,3.75
20010729,3.75
20010730,3.75
20010731,3.75
20010801,3.75
20010802,3.75
20010803,3.75
20010804,3.75
20010805,3.75
20010806,3.75
20010807,3.75
20010808,3.75
20010809,3.75
20010810,3.75
20010811,3.75
20010812,3.75
20010813,3.75
20010814,3.75
20010815,3.75
20010816,3.75
20010817,3.75
20010818,3.75
20010819,3.75
20010820,3.75
20010821,3.5
20010822,3.5
20010823,3.5
20010824,3.5
20010825,3.5
20010826,3.5
20010827,3.5
20010828,3.5
20010829,3.5
20010830,3.5
20010831,3.5
20010901,3.5
20010902,3.5
20010903,3.5
20010904,3.5
20010905,3.5
20010906,3.5
20010907,3.5
20010908,3.5
20010909,3.5
20010910,3.5
20010911,3.5
20010912,3.5
20010913,3.5
20010914,3.5
20010915,3.5
20010916,3.5
20010917,3
20010918,3
20010919,3
20010920,3
20010921,3
20010922,3
20010923,3
20010924,3
20010925,3
20010926,3
20010927,3
20010928,3
20010929,3
20010930,3
20011001,3
20011002,2.5
20011003,2.5
20011004,2.5
20011005,2.5
20011006,2.5
20011007,2.5
20011008,2.5
20011009,2.5
20011010,2.5
20011011,2.5
20011012,2.5
20011013,2.5
20011014,2.5
20011015,2.5
20011016,2.5
20011017,2.5
20011018,2.5
20011019,2.5
20011020,2.5
20011021,2.5
20011022,2.5
20011023,2.5
20011024,2.5
20011025,2.5
20011026,2.5
20011027,2.5
20011028,2.5
20011029,2.5
20011030,2.5
20011031,2.5
20011101,2.5
20011102,2.5
20011103,2.5
20011104,2.5
20011105,2.5
20011106,2
20011107,2
20011108,2
20011109,2
20011110,2
20011111,2
20011112,2
20011113,2
20011114,2
20011115,2
20011116,2
20011117,2
20011118,2
20011119,2
20011120,2
20011121,2
20011122,2
20011123,2
20011124,2
20011125,2
20011126,2
20011127,2
20011128,2
20011129,2
20011130,2
20011201,2
20011202,2
20011203,2
20011204,2
20011205,2
20011206,2
20011207,2
20011208,2
20011209,2
20011210,2
20011211,1.75
20011212,1.75
20011213,1.75
20011214,1.75
20011215,1.75
20011216,1.75
20011217,1.75
20011218,1.75
20011219,1.75
20011220,1.75
20011221,1.75
20011222,1.75
20011223,1.75
20011224,1.75
20011225,1.75
20011226,1.75
20011227,1.75
20011228,1.75
20011229,1.75
20011230,1.75
20011231,1.75
20020101,1.75
20020102,1.75
20020103,1.75
20020104,1.75
20020105,1.75
20020106,1.75
20020107,1.75
20020108,1.75
20020109,1.75
20020110,1.75
20020111,1.75
20020112,1.75
20020113,1.75
20020114,1.75
20020115,1.75
20020116,1.75
20020117,1.75
20020118,1.75
20020119,1.75
20020120,1.75
20020121,1.75
20020122,1.75
20020123,1.75
20020124,1.75
20020125,1.75
20020126,1.75
20020127,1.75
20020128,1.75
20020129,1.75
20020130,1.75
20020131,1.75
20020201,1.75
20020202,1.75
20020203,1.75
20020204,1.75
20020205,1.75
20020206,1.75
20020207,1.75
20020208,1.75
20020209,1.75
20020210,1.75
20020211,1.75
20020212,1.75
20020213,1.75
20020214,1.75
20020215,1.75
20020216,1.75
20020217,1.75
20020218,1.75
20020219,1.75
20020220,1.75
20020221,1.75
20020222,1.75
20020223,1.75
20020224,1.75
20020225,1.75
20020226,1.75
20020227,1.75
20020228,1.75
20020301,1.75
20020302,1.75
20020303,1.75
20020304,1.75
20020305,1.75
20020306,1.75
20020307,1.75
20020308,1.75
20020309,1.75
20020310,1.75
20020311,1.75
20020312,1.75
20020313,1.75
20020314,1.75
20020315,1.75
20020316,1.75
20020317,1.75
20020318,1.75
20020319,1.75
20020320,1.75
20020321,1.75
20020322,1.75
20020323,1.75
20020324,1.75
20020325,1.75
20020326,1.75
20020327,1.75
20020328,1.75
20020329,1.75
20020330,1.75
20020331,1.75
20020401,1.75
20020402,1.75
20020403,1.75
20020404,1.75
20020405,1.75
20020406,1.75
20020407,1.75
20020408,1.75
20020409,1.75
20020410,1.75
20020411,1.75
20020412,1.75
20020413,1.75
20020414,1.75
20020415,1.75
20020416,1.75
20020417,1.75
20020418,1.75
20020419,1.75
20020420,1.75
20020421,1.75
20020422,1.75
20020423,1.75
20020424,1.75
20020425,1.75
20020426,1.75
20020427,1.75
20020428,1.75
20020429,1.75
20020430,1.75
20020501,1.75
20020502,1.75
20020503,1.75
20020504,1.75
20020505,1.75
20020506,1.75
20020507,1.75
20020508,1.75
20020509,1.75
20020510,1.75
20020511,1.75
20020512,1.75
20020513,1.75
20020514,1.75
20020515,1.75
20020516,1.75
20020517,1.75
20020518,1.75
20020519,1.75
20020520,1.75
20020521,1.75
20020522,1.75
20020523,1.75
20020524,1.75
20020525,1.75
20020526,1.75
20020527,1.75
20020528,1.75
20020529,1.75
20020530,1.75
20020531,1.75
20020601,1.75
20020602,1.75
20020603,1.75
20020604,1.75
20020605,1.75
20020606,1.75
20020607,1.75
20020608,1.75
20020609,1.75
20020610,1.75
20020611,1.75
20020612,1.75
20020613,1.75
20020614,1.75
20020615,1.75
20020616,1.75
20020617,1.75
20020618,1.75
20020619,1.75
20020620,1.75
20020621,1.75
20020622,1.75
20020623,1.75
20020624,1.75
20020625,1.75
20020626,1.75
20020627,1.75
20020628,1.75
20020629,1.75
20020630,1.75
20020701,1.75
20020702,1.75
20020703,1.75
20020704,1.75
20020705,1.75
20020706,1.75
20020707,1.75
20020708,1.75
20020709,1.75
20020710,1.75
20020711,1.75
20020712,1.75
20020713,1.75
20020714,1.75
20020715,1.75
20020716,1.75
20020717,1.75
20020718,1.75
20020719,1.75
20020720,1.75
20020721,1.75
20020722,1.75
20020723,1.75
20020724,1.75
20020725,1.75
20020726,1.75
20020727,1.75
20020728,1.75
20020729,1.75
20020730,1.75
20020731,1.75
20020801,1.75
20020802,1.75
20020803,1.75
20020804,1.75
20020805,1.75
20020806,1.75
20020807,1.75
20020808,1.75
20020809,1.75
20020810,1.75
20020811,1.75
20020812,1.75
20020813,1.75
20020814,1.75
20020815,1.75
20020816,1.75
20020817,1.75
20020818,1.75
20020819,1.75
20020820,1.75
20020821,1.75
20020822,1.75
20020823,1.75
20020824,1.75
20020825,1.75
20020826,1.75
20020827,1.75
20020828,1.75
20020829,1.75
20020830,1.75
20020831,1.75
20020901,1.75
20020902,1.75
20020903,1.75
20020904,1.75
20020905,1.75
20020906,1.75
20020907,1.75
20020908,1.75
20020909,1.75
20020910,1.75
20020911,1.75
20020912,1.75
20020913,1.75
20020914,1.75
20020915,1.75
20020916,1.75
20020917,1.75
20020918,1.75
20020919,1.75
20020920,1.75
20020921,1.75
20020922,1.75
20020923,1.75
20020924,1.75
20020925,1.75
20020926,1.75
20020927,1.75
20020928,1.75
20020929,1.75
20020930,1.75
20021001,1.75
20021002,1.75
20021003,1.75
20021004,1.75
20021005,1.75
20021006,1.75
20021007,1.75
20021008,1.75
20021009,1.75
20021010,1.75
20021011,1.75
20021012,1.75
20021013,1.75
20021014,1.75
20021015,1.75
20021016,1.75
20021017,1.75
20021018,1.75
20021019,1.75
20021020,1.75
20021021,1.75
20021022,1.75
20021023,1.75
20021024,1.75
20021025,1.75
20021026,1.75
20021027,1.75
20021028,1.75
20021029,1.75
20021030,1.75
20021031,1.75
20021101,1.75
20021102,1.75
20021103,1.75
20021104,1.75
20021105,1.75
20021106,1.25
20021107,1.25
20021108,1.25
20021109,1.25
20021110,1.25
20021111,1.25
20021112,1.25
20021113,1.25
20021114,1.25
20021115,1.25
20021116,1.25
20021117,1.25
20021118,1.25
20021119,1.25
20021120,1.25
20021121,1.25
20021122,1.25
20021123,1.25
20021124,1.25
20021125,1.25
20021126,1.25
20021127,1.25
20021128,1.25
20021129,1.25
20021130,1.25
20021201,1.25
20021202,1.25
20021203,1.25
20021204,1.25
20021205,1.25
20021206,1.25
20021207,1.25
20021208,1.25
20021209,1.25
20021210,1.25
20021211,1.25
20021212,1.25
20021213,1.25
20021214,1.25
20021215,1.25
20021216,1.25
20021217,1.25
20021218,1.25
20021219,1.25
20021220,1.25
20021221,1.25
20021222,1.25
20021223,1.25
20021224,1.25
20021225,1.25
20021226,1.25
20021227,1.25
20021228,1.25
20021229,1.25
20021230,1.25
20021231,1.25
20030101,1.25
20030102,1.25
20030103,1.25
20030104,1.25
20030105,1.25
20030106,1.25
20030107,1.25
20030108,1.25
20030109,1.25
20030110,1.25
20030111,1.25
20030112,1.25
20030113,1.25
20030114,1.25
20030115,1.25
20030116,1.25
20030117,1.25
20030118,1.25
20030119,1.25
20030120,1.25
20030121,1.25
20030122,1.25
20030123,1.25
20030124,1.25
20030125,1.25
20030126,1.25
20030127,1.25
20030128,1.25
20030129,1.25
20030130,1.25
20030131,1.25
20030201,1.25
20030202,1.25
20030203,1.25
20030204,1.25
20030205,1.25
20030206,1.25
20030207,1.25
20030208,1.25
20030209,1.25
20030210,1.25
20030211,1.25
20030212,1.25
20030213,1.25
20030214,1.25
20030215,1.25
20030216,1.25
20030217,1.25
20030218,1.25
20030219,1.25
20030220,1.25
20030221,1.25
20030222,1.25
20030223,1.25
20030224,1.25
20030225,1.25
20030226,1.25
20030227,1.25
20030228,1.25
20030301,1.25
20030302,1.25
20030303,1.25
20030304,1.25
20030305,1.25
20030306,1.25
20030307,1.25
20030308,1.25
20030309,1.25
20030310,1.25
20030311,1.25
20030312,1.25
20030313,1.25
20030314,1.25
20030315,1.25
20030316,1.25
20030317,1.25
20030318,1.25
20030319,1.25
20030320,1.25
20030321,1.25
20030322,1.25
20030323,1.25
20030324,1.25
20030325,1.25
20030326,1.25
20030327,1.25
20030328,1.25
20030329,1.25
20030330,1.25
20030331,1.25
20030401,1.25
20030402,1.25
20030403,1.25
20030404,1.25
20030405,1.25
20030406,1.25
20030407,1.25
20030408,1.25
20030409,1.25
20030410,1.25
20030411,1.25
20030412,1.25
20030413,1.25
20030414,1.25
20030415,1.25
20030416,1.25
20030417,1.25
20030418,1.25
20030419,1.25
20030420,1.25
20030421,1.25
20030422,1.25
20030423,1.25
20030424,1.25
20030425,1.25
20030426,1.25
20030427,1.25
20030428,1.25
20030429,1.25
20030430,1.25
20030501,1.25
20030502,1.25
20030503,1.25
20030504,1.25
20030505,1.25
20030506,1.25
20030507,1.25
20030508,1.25
20030509,1.25
20030510,1.25
20030511,1.25
20030512,1.25
20030513,1.25
20030514,1.25
20030515,1.25
20030516,1.25
20030517,1.25
20030518,1.25
20030519,1.25
20030520,1.25
20030521,1.25
20030522,1.25
20030523,1.25
20030524,1.25
20030525,1.25
20030526,1.25
20030527,1.25
20030528,1.25
20030529,1.25
20030530,1.25
20030531,1.25
20030601,1.25
20030602,1.25
20030603,1.25
20030604,1.25
20030605,1.25
20030606,1.25
20030607,1.25
20030608,1.25
20030609,1.25
20030610,1.25
20030611,1.25
20030612,1.25
20030613,1.25
20030614,1.25
20030615,1.25
20030616,1.25
20030617,1.25
20030618,1.25
20030619,1.25
20030620,1.25
20030621,1.25
20030622,1.25
20030623,1.25
20030624,1.25
20030625,1
20030626,1
20030627,1
20030628,1
20030629,1
20030630,1
20030701,1
20030702,1
20030703,1
20030704,1
20030705,1
20030706,1
20030707,1
20030708,1
20030709,1
20030710,1
20030711,1
20030712,1
20030713,1
20030714,1
20030715,1
20030716,1
20030717,1
20030718,1
20030719,1
20030720,1
20030721,1
20030722,1
20030723,1
20030724,1
20030725,1
20030726,1
20030727,1
20030728,1
20030729,1
20030730,1
20030731,1
20030801,1
20030802,1
20030803,1
20030804,1
20030805,1
20030806,1
20030807,1
20030808,1
20030809,1
20030810,1
20030811,1
20030812,1
20030813,1
20030814,1
20030815,1
20030816,1
20030817,1
20030818,1
20030819,1
20030820,1
20030821,1
20030822,1
20030823,1
20030824,1
20030825,1
20030826,1
20030827,1
20030828,1
20030829,1
20030830,1
20030831,1
20030901,1
20030902,1
20030903,1
20030904,1
20030905,1
20030906,1
20030907,1
20030908,1
20030909,1
20030910,1
20030911,1
20030912,1
20030913,1
20030914,1
20030915,1
20030916,1
20030917,1
20030918,1
20030919,1
20030920,1
20030921,1
20030922,1
20030923,1
20030924,1
20030925,1
20030926,1
20030927,1
20030928,1
20030929,1
20030930,1
20031001,1
20031002,1
20031003,1
20031004,1
20031005,1
20031006,1
20031007,1
20031008,1
20031009,1
20031010,1
20031011,1
20031012,1
20031013,1
20031014,1
20031015,1
20031016,1
20031017,1
20031018,1
20031019,1
20031020,1
20031021,1
20031022,1
20031023,1
20031024,1
20031025,1
20031026,1
20031027,1
20031028,1
20031029,1
20031030,1
20031031,1
20031101,1
20031102,1
20031103,1
20031104,1
20031105,1
20031106,1
20031107,1
20031108,1
20031109,1
20031110,1
20031111,1
20031112,1
20031113,1
20031114,1
20031115,1
20031116,1
20031117,1
20031118,1
20031119,1
20031120,1
20031121,1
20031122,1
20031123,1
20031124,1
20031125,1
20031126,1
20031127,1
20031128,1
20031129,1
20031130,1
20031201,1
20031202,1
20031203,1
20031204,1
20031205,1
20031206,1
20031207,1
20031208,1
20031209,1
20031210,1
20031211,1
20031212,1
20031213,1
20031214,1
20031215,1
20031216,1
20031217,1
20031218,1
20031219,1
20031220,1
20031221,1
20031222,1
20031223,1
20031224,1
20031225,1
20031226,1
20031227,1
20031228,1
20031229,1
20031230,1
20031231,1
20040101,1
20040102,1
20040103,1
20040104,1
20040105,1
20040106,1
20040107,1
20040108,1
20040109,1
20040110,1
20040111,1
20040112,1
20040113,1
20040114,1
20040115,1
20040116,1
20040117,1
20040118,1
20040119,1
20040120,1
20040121,1
20040122,1
20040123,1
20040124,1
20040125,1
20040126,1
20040127,1
20040128,1
20040129,1
20040130,1
20040131,1
20040201,1
20040202,1
20040203,1
20040204,1
20040205,1
20040206,1
20040207,1
20040208,1
20040209,1
20040210,1
20040211,1
20040212,1
20040213,1
20040214,1
20040215,1
20040216,1
20040217,1
20040218,1
20040219,1
20040220,1
20040221,1
20040222,1
20040223,1
20040224,1
20040225,1
20040226,1
20040227,1
20040228,1
20040229,1
20040301,1
20040302,1
20040303,1
20040304,1
20040305,1
20040306,1
20040307,1
20040308,1
20040309,1
20040310,1
20040311,1
20040312,1
20040313,1
20040314,1
20040315,1
20040316,1
20040317,1
20040318,1
20040319,1
20040320,1
20040321,1
20040322,1
20040323,1
20040324,1
20040325,1
20040326,1
20040327,1
20040328,1
20040329,1
20040330,1
20040331,1
20040401,1
20040402,1
20040403,1
20040404,1
20040405,1
20040406,1
20040407,1
20040408,1
20040409,1
20040410,1
20040411,1
20040412,1
20040413,1
20040414,1
20040415,1
20040416,1
20040417,1
20040418,1
20040419,1
20040420,1
20040421,1
20040422,1
20040423,1
20040424,1
20040425,1
20040426,1
20040427,1
20040428,1
20040429,1
20040430,1
20040501,1
20040502,1
20040503,1
20040504,1
20040505,1
20040506,1
20040507,1
20040508,1
20040509,1
20040510,1
20040511,1
20040512,1
20040513,1
20040514,1
20040515,1
20040516,1
20040517,1
20040518,1
20040519,1
20040520,1
20040521,1
20040522,1
20040523,1
20040524,1
20040525,1
20040526,1
20040527,1
20040528,1
20040529,1
20040530,1
20040531,1
20040601,1
20040602,1
20040603,1
20040604,1
20040605,1
20040606,1
20040607,1
20040608,1
20040609,1
20040610,1
20040611,1
20040612,1
20040613,1
20040614,1
20040615,1
20040616,1
20040617,1
20040618,1
20040619,1
20040620,1
20040621,1
20040622,1
20040623,1
20040624,1
20040625,1
20040626,1
20040627,1
20040628,1
20040629,1
20040630,1.25
20040701,1.25
20040702,1.25
20040703,1.25
20040704,1.25
20040705,1.25
20040706,1.25
20040707,1.25
20040708,1.25
20040709,1.25
20040710,1.25
20040711,1.25
20040712,1.25
20040713,1.25
20040714,1.25
20040715,1.25
20040716,1.25
20040717,1.25
20040718,1.25
20040719,1.25
20040720,1.25
20040721,1.25
20040722,1.25
20040723,1.25
20040724,1.25
20040725,1.25
20040726,1.25
20040727,1.25
20040728,1.25
20040729,1.25
20040730,1.25
20040731,1.25
20040801,1.25
20040802,1.25
20040803,1.25
20040804,1.25
20040805,1.25
20040806,1.25
20040807,1.25
20040808,1.25
20040809,1.25
20040810,1.5
20040811,1.5
20040812,1.5
20040813,1.5
20040814,1.5
20040815,1.5
20040816,1.5
20040817,1.5
20040818,1.5
20040819,1.5
20040820,1.5
20040821,1.5
20040822,1.5
20040823,1.5
20040824,1.5
20040825,1.5
20040826,1.5
20040827,1.5
20040828,1.5
20040829,1.5
20040830,1.5
20040831,1.5
20040901,1.5
20040902,1.5
20040903,1.5
20040904,1.5
20040905,1.5
20040906,1.5
20040907,1.5
20040908,1.5
20040909,1.5
20040910,1.5
20040911,1.5
20040912,1.5
20040913,1.5
20040914,1.5
20040915,1.5
20040916,1.5
20040917,1.5
20040918,1.5
20040919,1.5
20040920,1.5
20040921,1.75
20040922,1.75
20040923,1.75
20040924,1.75
20040925,1.75
20040926,1.75
20040927,1.75
20040928,1.75
20040929,1.75
20040930,1.75
20041001,1.75
20041002,1.75
20041003,1.75
20041004,1.75
20041005,1.75
20041006,1.75
20041007,1.75
20041008,1.75
20041009,1.75
20041010,1.75
20041011,1.75
20041012,1.75
20041013,1.75
20041014,1.75
20041015,1.75
20041016,1.75
20041017,1.75
20041018,1.75
20041019,1.75
20041020,1.75
20041021,1.75
20041022,1.75
20041023,1.75
20041024,1.75
20041025,1.75
20041026,1.75
20041027,1.75
20041028,1.75
20041029,1.75
20041030,1.75
20041031,1.75
20041101,1.75
20041102,1.75
20041103,1.75
20041104,1.75
20041105,1.75
20041106,1.75
20041107,1.75
20041108,1.75
20041109,1.75
20041110,2
20041111,2
20041112,2
20041113,2
20041114,2
20041115,2
20041116,2
20041117,2
20041118,2
20041119,2
20041120,2
20041121,2
20041122,2
20041123,2
20041124,2
20041125,2
20041126,2
20041127,2
20041128,2
20041129,2
20041130,2
20041201,2
20041202,2
20041203,2
20041204,2
20041205,2
20041206,2
20041207,2
20041208,2
20041209,2
20041210,2
20041211,2
20041212,2
20041213,2
20041214,2.25
20041215,2.25
20041216,2.25
20041217,2.25
20041218,2.25
20041219,2.25
20041220,2.25
20041221,2.25
20041222,2.25
20041223,2.25
20041224,2.25
20041225,2.25
20041226,2.25
20041227,2.25
20041228,2.25
20041229,2.25
20041230,2.25
20041231,2.25
20050101,2.25
20050102,2.25
20050103,2.25
20050104,2.25
20050105,2.25
20050106,2.25
20050107,2.25
20050108,2.25
20050109,2.25
20050110,2.25
20050111,2.25
20050112,2.25
20050113,2.25
20050114,2.25
20050115,2.25
20050116,2.25
20050117,2.25
20050118,2.25
20050119,2.25
20050120,2.25
20050121,2.25
20050122,2.25
20050123,2.25
20050124,2.25
20050125,2.25
20050126,2.25
20050127,2.25
20050128,2.25
20050129,2.25
20050130,2.25
20050131,2.25
20050201,2.25
20050202,2.5
20050203,2.5
20050204,2.5
20050205,2.5
20050206,2.5
20050207,2.5
20050208,2.5
20050209,2.5
20050210,2.5
20050211,2.5
20050212,2.5
20050213,2.5
20050214,2.5
20050215,2.5
20050216,2.5
20050217,2.5
20050218,2.5
20050219,2.5
20050220,2.5
20050221,2.5
20050222,2.5
20050223,2.5
20050224,2.5
20050225,2.5
20050226,2.5
20050227,2.5
20050228,2.5
20050301,2.5
20050302,2.5
20050303,2.5
20050304,2.5
20050305,2.5
20050306,2.5
20050307,2.5
20050308,2.5
20050309,2.5
20050310,2.5
20050311,2.5
20050312,2.5
20050313,2.5
20050314,2.5
20050315,2.5
20050316,2.5
20050317,2.5
20050318,2.5
20050319,2.5
20050320,2.5
20050321,2.5
20050322,2.75
20050323,2.75
20050324,2.75
20050325,2.75
20050326,2.75
20050327,2.75
20050328,2.75
20050329,2.75
20050330,2.75
20050331,2.75
20050401,2.75
20050402,2.75
20050403,2.75
20050404,2.75
20050405,2.75
20050406,2.75
20050407,2.75
20050408,2.75
20050409,2.75
20050410,2.75
20050411,2.75
20050412,2.75
20050413,2.75
20050414,2.75
20050415,2.75
20050416,2.75
20050417,2.75
20050418,2.75
20050419,2.75
20050420,2.75
20050421,2.75
20050422,2.75
20050423,2.75
20050424,2.75
20050425,2.75
20050426,2.75
20050427,2.75
20050428,2.75
20050429,2.75
20050430,2.75
20050501,2.75
20050502,2.75
20050503,3
20050504,3
20050505,3
20050506,3
20050507,3
20050508,3
20050509,3
20050510,3
20050511,3
20050512,3
20050513,3
20050514,3
20050515,3
20050516,3
20050517,3
20050518,3
20050519,3
20050520,3
20050521,3
20050522,3
20050523,3
20050524,3
20050525,3
20050526,3
20050527,3
20050528,3
20050529,3
20050530,3
20050531,3
20050601,3
20050602,3
20050603,3
20050604,3
20050605,3
20050606,3
20050607,3
20050608,3
20050609,3
20050610,3
20050611,3
20050612,3
20050613,3
20050614,3
20050615,3
20050616,3
20050617,3
20050618,3
20050619,3
20050620,3
20050621,3
20050622,3
20050623,3
20050624,3
20050625,3
20050626,3
20050627,3
20050628,3
20050629,3
20050630,3.25
20050701,3.25
20050702,3.25
20050703,3.25
20050704,3.25
20050705,3.25
20050706,3.25
20050707,3.25
20050708,3.25
20050709,3.25
20050710,3.25
20050711,3.25
20050712,3.25
20050713,3.25
20050714,3.25
20050715,3.25
20050716,3.25
20050717,3.25
20050718,3.25
20050719,3.25
20050720,3.25
20050721,3.25
20050722,3.25
20050723,3.25
20050724,3.25
20050725,3.25
20050726,3.25
20050727,3.25
20050728,3.25
20050729,3.25
20050730,3.25
20050731,3.25
20050801,3.25
20050802,3.25
20050803,3.25
20050804,3.25
20050805,3.25
20050806,3.25
20050807,3.25
20050808,3.25
20050809,3.5
20050810,3.5
20050811,3.5
20050812,3.5
20050813,3.5
20050814,3.5
20050815,3.5
20050816,3.5
20050817,3.5
20050818,3.5
20050819,3.5
20050820,3.5
20050821,3.5
20050822,3.5
20050823,3.5
20050824,3.5
20050825,3.5
20050826,3.5
20050827,3.5
20050828,3.5
20050829,3.5
20050830,3.5
20050831,3.5
20050901,3.5
20050902,3.5
20050903,3.5
20050904,3.5
20050905,3.5
20050906,3.5
20050907,3.5
20050908,3.5
20050909,3.5
20050910,3.5
20050911,3.5
20050912,3.5
20050913,3.5
20050914,3.5
20050915,3.5
20050916,3.5
20050917,3.5
20050918,3.5
20050919,3.5
20050920,3.75
20050921,3.75
20050922,3.75
20050923,3.75
20050924,3.75
20050925,3.75
20050926,3.75
20050927,3.75
20050928,3.75
20050929,3.75
20050930,3.75
20051001,3.75
20051002,3.75
20051003,3.75
20051004,3.75
20051005,3.75
20051006,3.75
20051007,3.75
20051008,3.75
20051009,3.75
20051010,3.75
20051011,3.75
20051012,3.75
20051013,3.75
20051014,3.75
20051015,3.75
20051016,3.75
20051017,3.75
20051018,3.75
20051019,3.75
20051020,3.75
20051021,3.75
20051022,3.75
20051023,3.75
20051024,3.75
20051025,3.75
20051026,3.75
20051027,3.75
20051028,3.75
20051029,3.75
20051030,3.75
20051031,3.75
20051101,4
20051102,4
20051103,4
20051104,4
20051105,4
20051106,4
20051107,4
20051108,4
20051109,4
20051110,4
20051111,4
20051112,4
20051113,4
20051114,4
20051115,4
20051116,4
20051117,4
20051118,4
20051119,4
20051120,4
20051121,4
20051122,4
20051123,4
20051124,4
20051125,4
20051126,4
20051127,4
20051128,4
20051129,4
20051130,4
20051201,4
20051202,4
20051203,4
20051204,4
20051205,4
20051206,4
20051207,4
20051208,4
20051209,4
20051210,4
20051211,4
20051212,4
20051213,4.25
20051214,4.25
20051215,4.25
20051216,4.25
20051217,4.25
20051218,4.25
20051219,4.25
20051220,4.25
20051221,4.25
20051222,4.25
20051223,4.25
20051224,4.25
20051225,4.25
20051226,4.25
20051227,4.25
20051228,4.25
20051229,4.25
20051230,4.25
20051231,4.25
20060101,4.25
20060102,4.25
20060103,4.25
20060104,4.25
20060105,4.25
20060106,4.25
20060107,4.25
20060108,4.25
20060109,4.25
20060110,4.25
20060111,4.25
20060112,4.25
20060113,4.25
20060114,4.25
20060115,4.25
20060116,4.25
20060117,4.25
20060118,4.25
20060119,4.25
20060120,4.25
20060121,4.25
20060122,4.25
20060123,4.25
20060124,4.25
20060125,4.25
20060126,4.25
20060127,4.25
20060128,4.25
20060129,4.25
20060130,4.25
20060131,4.5
20060201,4.5
20060202,4.5
20060203,4.5
20060204,4.5
20060205,4.5
20060206,4.5
20060207,4.5
20060208,4.5
20060209,4.5
20060210,4.5
20060211,4.5
20060212,4.5
20060213,4.5
20060214,4.5
20060215,4.5
20060216,4.5
20060217,4.5
20060218,4.5
20060219,4.5
20060220,4.5
20060221,4.5
20060222,4.5
20060223,4.5
20060224,4.5
20060225,4.5
20060226,4.5
20060227,4.5
20060228,4.5
20060301,4.5
20060302,4.5
20060303,4.5
20060304,4.5
20060305,4.5
20060306,4.5
20060307,4.5
20060308,4.5
20060309,4.5
20060310,4.5
20060311,4.5
20060312,4.5
20060313,4.5
20060314,4.5
20060315,4.5
20060316,4.5
20060317,4.5
20060318,4.5
20060319,4.5
20060320,4.5
20060321,4.5
20060322,4.5
20060323,4.5
20060324,4.5
20060325,4.5
20060326,4.5
20060327,4.5
20060328,4.75
20060329,4.75
20060330,4.75
20060331,4.75
20060401,4.75
20060402,4.75
20060403,4.75
20060404,4.75
20060405,4.75
20060406,4.75
20060407,4.75
20060408,4.75
20060409,4.75
20060410,4.75
20060411,4.75
20060412,4.75
20060413,4.75
20060414,4.75
20060415,4.75
20060416,4.75
20060417,4.75
20060418,4.75
20060419,4.75
20060420,4.75
20060421,4.75
20060422,4.75
20060423,4.75
20060424,4.75
20060425,4.75
20060426,4.75
20060427,4.75
20060428,4.75
20060429,4.75
20060430,4.75
20060501,4.75
20060502,4.75
20060503,4.75
20060504,4.75
20060505,4.75
20060506,4.75
20060507,4.75
20060508,4.75
20060509,4.75
20060510,5
20060511,5
20060512,5
20060513,5
20060514,5
20060515,5
20060516,5
20060517,5
20060518,5
20060519,5
20060520,5
20060521,5
20060522,5
20060523,5
20060524,5
20060525,5
20060526,5
20060527,5
20060528,5
20060529,5
20060530,5
20060531,5
20060601,5
20060602,5
20060603,5
20060604,5
20060605,5
20060606,5
20060607,5
20060608,5
20060609,5
20060610,5
20060611,5
20060612,5
20060613,5
20060614,5
20060615,5
20060616,5
20060617,5
20060618,5
20060619,5
20060620,5
20060621,5
20060622,5
20060623,5
20060624,5
20060625,5
20060626,5
20060627,5
20060628,5
20060629,5.25
20060630,5.25
20060701,5.25
20060702,5.25
20060703,5.25
20060704,5.25
20060705,5.25
20060706,5.25
20060707,5.25
20060708,5.25
20060709,5.25
20060710,5.25
20060711,5.25
20060712,5.25
20060713,5.25
20060714,5.25
20060715,5.25
20060716,5.25
20060717,5.25
20060718,5.25
20060719,5.25
20060720,5.25
20060721,5.25
20060722,5.25
20060723,5.25
20060724,5.25
20060725,5.25
20060726,5.25
20060727,5.25
20060728,5.25
20060729,5.25
20060730,5.25
20060731,5.25
20060801,5.25
20060802,5.25
20060803,5.25
20060804,5.25
20060805,5.25
20060806,5.25
20060807,5.25
20060808,5.25
20060809,5.25
20060810,5.25
20060811,5.25
20060812,5.25
20060813,5.25
20060814,5.25
20060815,5.25
20060816,5.25
20060817,5.25
20060818,5.25
20060819,5.25
20060820,5.25
20060821,5.25
20060822,5.25
20060823,5.25
20060824,5.25
20060825,5.25
20060826,5.25
20060827,5.25
20060828,5.25
20060829,5.25
20060830,5.25
20060831,5.25
20060901,5.25
20060902,5.25
20060903,5.25
20060904,5.25
20060905,5.25
20060906,5.25
20060907,5.25
20060908,5.25
20060909,5.25
20060910,5.25
20060911,5.25
20060912,5.25
20060913,5.25
20060914,5.25
20060915,5.25
20060916,5.25
20060917,5.25
20060918,5.25
20060919,5.25
20060920,5.25
20060921,5.25
20060922,5.25
20060923,5.25
20060924,5.25
20060925,5.25
20060926,5.25
20060927,5.25
20060928,5.25
20060929,5.25
20060930,5.25
20061001,5.25
20061002,5.25
20061003,5.25
20061004,5.25
20061005,5.25
20061006,5.25
20061007,5.25
20061008,5.25
20061009,5.25
20061010,5.25
20061011,5.25
20061012,5.25
20061013,5.25
20061014,5.25
20061015,5.25
20061016,5.25
20061017,5.25
20061018,5.25
20061019,5.25
20061020,5.25
20061021,5.25
20061022,5.25
20061023,5.25
20061024,5.25
20061025,5.25
20061026,5.25
20061027,5.25
20061028,5.25
20061029,5.25
20061030,5.25
20061031,5.25
20061101,5.25
20061102,5.25
20061103,5.25
20061104,5.25
20061105,5.25
20061106,5.25
20061107,5.25
20061108,5.25
20061109,5.25
20061110,5.25
20061111,5.25
20061112,5.25
20061113,5.25
20061114,5.25
20061115,5.25
20061116,5.25
20061117,5.25
20061118,5.25
20061119,5.25
20061120,5.25
20061121,5.25
20061122,5.25
20061123,5.25
20061124,5.25
20061125,5.25
20061126,5.25
20061127,5.25
20061128,5.25
20061129,5.25
20061130,5.25
20061201,5.25
20061202,5.25
20061203,5.25
20061204,5.25
20061205,5.25
20061206,5.25
20061207,5.25
20061208,5.25
20061209,5.25
20061210,5.25
20061211,5.25
20061212,5.25
20061213,5.25
20061214,5.25
20061215,5.25
20061216,5.25
20061217,5.25
20061218,5.25
20061219,5.25
20061220,5.25
20061221,5.25
20061222,5.25
20061223,5.25
20061224,5.25
20061225,5.25
20061226,5.25
20061227,5.25
20061228,5.25
20061229,5.25
20061230,5.25
20061231,5.25
20070101,5.25
20070102,5.25
20070103,5.25
20070104,5.25
20070105,5.25
20070106,5.25
20070107,5.25
20070108,5.25
20070109,5.25
20070110,5.25
20070111,5.25
20070112,5.25
20070113,5.25
20070114,5.25
20070115,5.25
20070116,5.25
20070117,5.25
20070118,5.25
20070119,5.25
20070120,5.25
20070121,5.25
20070122,5.25
20070123,5.25
20070124,5.25
20070125,5.25
20070126,5.25
20070127,5.25
20070128,5.25
20070129,5.25
20070130,5.25
20070131,5.25
20070201,5.25
20070202,5.25
20070203,5.25
20070204,5.25
20070205,5.25
20070206,5.25
20070207,5.25
20070208,5.25
20070209,5.25
20070210,5.25
20070211,5.25
20070212,5.25
20070213,5.25
20070214,5.25
20070215,5.25
20070216,5.25
20070217,5.25
20070218,5.25
20070219,5.25
20070220,5.25
20070221,5.25
20070222,5.25
20070223,5.25
20070224,5.25
20070225,5.25
20070226,5.25
20070227,5.25
20070228,5.25
20070301,5.25
20070302,5.25
20070303,5.25
20070304,5.25
20070305,5.25
20070306,5.25
20070307,5.25
20070308,5.25
20070309,5.25
20070310,5.25
20070311,5.25
20070312,5.25
20070313,5.25
20070314,5.25
20070315,5.25
20070316,5.25
20070317,5.25
20070318,5.25
20070319,5.25
20070320,5.25
20070321,5.25
20070322,5.25
20070323,5.25
20070324,5.25
20070325,5.25
20070326,5.25
20070327,5.25
20070328,5.25
20070329,5.25
20070330,5.25
20070331,5.25
20070401,5.25
20070402,5.25
20070403,5.25
20070404,5.25
20070405,5.25
20070406,5.25
20070407,5.25
20070408,5.25
20070409,5.25
20070410,5.25
20070411,5.25
20070412,5.25
20070413,5.25
20070414,5.25
20070415,5.25
20070416,5.25
20070417,5.25
20070418,5.25
20070419,5.25
20070420,5.25
20070421,5.25
20070422,5.25
20070423,5.25
20070424,5.25
20070425,5.25
20070426,5.25
20070427,5.25
20070428,5.25
20070429,5.25
20070430,5.25
20070501,5.25
20070502,5.25
20070503,5.25
20070504,5.25
20070505,5.25
20070506,5.25
20070507,5.25
20070508,5.25
20070509,5.25
20070510,5.25
20070511,5.25
20070512,5.25
20070513,5.25
20070514,5.25
20070515,5.25
20070516,5.25
20070517,5.25
20070518,5.25
20070519,5.25
20070520,5.25
20070521,5.25
20070522,5.25
20070523,5.25
20070524,5.25
20070525,5.25
20070526,5.25
20070527,5.25
20070528,5.25
20070529,5.25
20070530,5.25
20070531,5.25
20070601,5.25
20070602,5.25
20070603,5.25
20070604,5.25
20070605,5.25
20070606,5.25
20070607,5.25
20070608,5.25
20070609,5.25
20070610,5.25
20070611,5.25
20070612,5.25
20070613,5.25
20070614,5.25
20070615,5.25
20070616,5.25
20070617,5.25
20070618,5.25
20070619,5.25
20070620,5.25
20070621,5.25
20070622,5.25
20070623,5.25
20070624,5.25
20070625,5.25
20070626,5.25
20070627,5.25
20070628,5.25
20070629,5.25
20070630,5.25
20070701,5.25
20070702,5.25
20070703,5.25
20070704,5.25
20070705,5.25
20070706,5.25
20070707,5.25
20070708,5.25
20070709,5.25
20070710,5.25
20070711,5.25
20070712,5.25
20070713,5.25
20070714,5.25
20070715,5.25
20070716,5.25
20070717,5.25
20070718,5.25
20070719,5.25
20070720,5.25
20070721,5.25
20070722,5.25
20070723,5.25
20070724,5.25
20070725,5.25
20070726,5.25
20070727,5.25
20070728,5.25
20070729,5.25
20070730,5.25
20070731,5.25
20070801,5.25
20070802,5.25
20070803,5.25
20070804,5.25
20070805,5.25
20070806,5.25
20070807,5.25
20070808,5.25
20070809,5.25
20070810,5.25
20070811,5.25
20070812,5.25
20070813,5.25
20070814,5.25
20070815,5.25
20070816,5.25
20070817,5.25
20070818,5.25
20070819,5.25
20070820,5.25
20070821,5.25
20070822,5.25
20070823,5.25
20070824,5.25
20070825,5.25
20070826,5.25
20070827,5.25
20070828,5.25
20070829,5.25
20070830,5.25
20070831,5.25
20070901,5.25
20070902,5.25
20070903,5.25
20070904,5.25
20070905,5.25
20070906,5.25
20070907,5.25
20070908,5.25
20070909,5.25
20070910,5.25
20070911,5.25
20070912,5.25
20070913,5.25
20070914,5.25
20070915,5.25
20070916,5.25
20070917,5.25
20070918,4.75
20070919,4.75
20070920,4.75
20070921,4.75
20070922,4.75
20070923,4.75
20070924,4.75
20070925,4.75
20070926,4.75
20070927,4.75
20070928,4.75
20070929,4.75
20070930,4.75
20071001,4.75
20071002,4.75
20071003,4.75
20071004,4.75
20071005,4.75
20071006,4.75
20071007,4.75
20071008,4.75
20071009,4.75
20071010,4.75
20071011,4.75
20071012,4.75
20071013,4.75
20071014,4.75
20071015,4.75
20071016,4.75
20071017,4.75
20071018,4.75
20071019,4.75
20071020,4.75
20071021,4.75
20071022,4.75
20071023,4.75
20071024,4.75
20071025,4.75
20071026,4.75
20071027,4.75
20071028,4.75
20071029,4.75
20071030,4.75
20071031,4.5
20071101,4.5
20071102,4.5
20071103,4.5
20071104,4.5
20071105,4.5
20071106,4.5
20071107,4.5
20071108,4.5
20071109,4.5
20071110,4.5
20071111,4.5
20071112,4.5
20071113,4.5
20071114,4.5
20071115,4.5
20071116,4.5
20071117,4.5
20071118,4.5
20071119,4.5
20071120,4.5
20071121,4.5
20071122,4.5
20071123,4.5
20071124,4.5
20071125,4.5
20071126,4.5
20071127,4.5
20071128,4.5
20071129,4.5
20071130,4.5
20071201,4.5
20071202,4.5
20071203,4.5
20071204,4.5
20071205,4.5
20071206,4.5
20071207,4.5
20071208,4.5
20071209,4.5
20071210,4.5
20071211,4.25
20071212,4.25
20071213,4.25
20071214,4.25
20071215,4.25
20071216,4.25
20071217,4.25
20071218,4.25
20071219,4.25
20071220,4.25
20071221,4.25
20071222,4.25
20071223,4.25
20071224,4.25
20071225,4.25
20071226,4.25
20071227,4.25
20071228,4.25
20071229,4.25
20071230,4.25
20071231,4.25
20080101,4.25
20080102,4.25
20080103,4.25
20080104,4.25
20080105,4.25
20080106,4.25
20080107,4.25
20080108,4.25
20080109,4.25
20080110,4.25
20080111,4.25
20080112,4.25
20080113,4.25
20080114,4.25
20080115,4.25
20080116,4.25
20080117,4.25
20080118,4.25
20080119,4.25
20080120,4.25
20080121,4.25
20080122,3.5
20080123,3.5
20080124,3.5
20080125,3.5
20080126,3.5
20080127,3.5
20080128,3.5
20080129,3.5
20080130,3
20080131,3
20080201,3
20080202,3
20080203,3
20080204,3
20080205,3
20080206,3
20080207,3
20080208,3
20080209,3
20080210,3
20080211,3
20080212,3
20080213,3
20080214,3
20080215,3
20080216,3
20080217,3
20080218,3
20080219,3
20080220,3
20080221,3
20080222,3
20080223,3
20080224,3
20080225,3
20080226,3
20080227,3
20080228,3
20080229,3
20080301,3
20080302,3
20080303,3
20080304,3
20080305,3
20080306,3
20080307,3
20080308,3
20080309,3
20080310,3
20080311,3
20080312,3
20080313,3
20080314,3
20080315,3
20080316,3
20080317,3
20080318,2.25
20080319,2.25
20080320,2.25
20080321,2.25
20080322,2.25
20080323,2.25
20080324,2.25
20080325,2.25
20080326,2.25
20080327,2.25
20080328,2.25
20080329,2.25
20080330,2.25
20080331,2.25
20080401,2.25
20080402,2.25
20080403,2.25
20080404,2.25
20080405,2.25
20080406,2.25
20080407,2.25
20080408,2.25
20080409,2.25
20080410,2.25
20080411,2.25
20080412,2.25
20080413,2.25
20080414,2.25
20080415,2.25
20080416,2.25
20080417,2.25
20080418,2.25
20080419,2.25
20080420,2.25
20080421,2.25
20080422,2.25
20080423,2.25
20080424,2.25
20080425,2.25
20080426,2.25
20080427,2.25
20080428,2.25
20080429,2.25
20080430,2
20080501,2
20080502,2
20080503,2
20080504,2
20080505,2
20080506,2
20080507,2
20080508,2
20080509,2
20080510,2
20080511,2
20080512,2
20080513,2
20080514,2
20080515,2
20080516,2
20080517,2
20080518,2
20080519,2
20080520,2
20080521,2
20080522,2
20080523,2
20080524,2
20080525,2
20080526,2
20080527,2
20080528,2
20080529,2
20080530,2
20080531,2
20080601,2
20080602,2
20080603,2
20080604,2
20080605,2
20080606,2
20080607,2
20080608,2
20080609,2
20080610,2
20080611,2
20080612,2
20080613,2
20080614,2
20080615,2
20080616,2
20080617,2
20080618,2
20080619,2
20080620,2
20080621,2
20080622,2
20080623,2
20080624,2
20080625,2
20080626,2
20080627,2
20080628,2
20080629,2
20080630,2
20080701,2
20080702,2
20080703,2
20080704,2
20080705,2
20080706,2
20080707,2
20080708,2
20080709,2
20080710,2
20080711,2
20080712,2
20080713,2
20080714,2
20080715,2
20080716,2
20080717,2
20080718,2
20080719,2
20080720,2
20080721,2
20080722,2
20080723,2
20080724,2
20080725,2
20080726,2
20080727,2
20080728,2
20080729,2
20080730,2
20080731,2
20080801,2
20080802,2
20080803,2
20080804,2
20080805,2
20080806,2
20080807,2
20080808,2
20080809,2
20080810,2
20080811,2
20080812,2
20080813,2
20080814,2
20080815,2
20080816,2
20080817,2
20080818,2
20080819,2
20080820,2
20080821,2
20080822,2
20080823,2
20080824,2
20080825,2
20080826,2
20080827,2
20080828,2
20080829,2
20080830,2
20080831,2
20080901,2
20080902,2
20080903,2
20080904,2
20080905,2
20080906,2
20080907,2
20080908,2
20080909,2
20080910,2
20080911,2
20080912,2
20080913,2
20080914,2
20080915,2
20080916,2
20080917,2
20080918,2
20080919,2
20080920,2
20080921,2
20080922,2
20080923,2
20080924,2
20080925,2
20080926,2
20080927,2
20080928,2
20080929,2
20080930,2
20081001,2
20081002,2
20081003,2
20081004,2
20081005,2
20081006,2
20081007,2
20081008,1.5
20081009,1.5
20081010,1.5
20081011,1.5
20081012,1.5
20081013,1.5
20081014,1.5
20081015,1.5
20081016,1.5
20081017,1.5
20081018,1.5
20081019,1.5
20081020,1.5
20081021,1.5
20081022,1.5
20081023,1.5
20081024,1.5
20081025,1.5
20081026,1.5
20081027,1.5
20081028,1.5
20081029,1
20081030,1
20081031,1
20081101,1
20081102,1
20081103,1
20081104,1
20081105,1
20081106,1
20081107,1
20081108,1
20081109,1
20081110,1
20081111,1
20081112,1
20081113,1
20081114,1
20081115,1
20081116,1
20081117,1
20081118,1
20081119,1
20081120,1
20081121,1
20081122,1
20081123,1
20081124,1
20081125,1
20081126,1
20081127,1
20081128,1
20081129,1
20081130,1
20081201,1
20081202,1
20081203,1
20081204,1
20081205,1
20081206,1
20081207,1
20081208,1
20081209,1
20081210,1
20081211,1
20081212,1
20081213,1
20081214,1
20081215,1
