DATE,RU3000TR
20070103,3399.4
20070104,3405.66
20070105,3381.19
20070108,3389.61
20070109,3390.13
20070110,3398.98
20070111,3424.3
20070112,3442.28
20070115,.
20070116,3443.83
20070117,3440.12
20070118,3425.22
20070119,3437.6
20070122,3418.55
20070123,3432.52
20070124,3463.31
20070125,3424.7
20070126,3423.46
20070129,3423.81
20070130,3442.99
20070131,3465.73
20070201,3486.82
20070202,3493.21
20070205,3490.02
20070206,3495.07
20070207,3504.61
20070208,3501.1
20070209,3474.36
20070212,3462.2
20070213,3489.82
20070214,3515.51
20070215,3520.66
20070216,3519.96
20070219,.
20070220,3534.22
20070221,3531.11
20070222,3529.16
20070223,3517.78
20070226,3511.71
20070227,3391.02
20070228,3408.87
20070301,3399.94
20070302,3357.39
20070305,3319.48
20070306,3374.08
20070307,3366.42
20070308,3390.64
20070309,3395.08
20070312,3405.48
20070313,3336.05
20070314,3357.33
20070315,3373.42
20070316,3359.3
20070319,3395.81
20070320,3418.74
20070321,3476.19
20070322,3475.66
20070323,3479.63
20070326,3481.53
20070327,3459.91
20070328,3434.94
20070329,3446
20070330,3444.36
20070402,3453.66
20070403,3486.64
20070404,3490.17
20070405,3501.93
20070406,.
20070409,3503.95
20070410,3512.77
20070411,3489.96
20070412,3511.37
20070413,3524.33
20070416,3562.4
20070417,3567.99
20070418,3568.7
20070419,3561.66
20070420,3594.28
20070423,3587.55
20070424,3585.18
20070425,3618.85
20070426,3618.31
20070427,3615
20070430,3581.95
20070501,3591.06
20070502,3619.41
20070503,3634.1
20070504,3643.25
20070507,3650.6
20070508,3647.19
20070509,3661.48
20070510,3609.34
20070511,3645.1
20070514,3635.66
20070515,3626.28
20070516,3656.82
20070517,3652.41
20070518,3676.77
20070521,3688.43
20070522,3690.99
20070523,3684.59
20070524,3645.41
20070525,3665.96
20070528,.
20070529,3677.2
20070530,3708.29
20070531,3712.47
20070601,3728.1
20070604,3735.32
20070605,3714.33
20070606,3680.42
20070607,3614.4
20070608,3655.25
20070611,3657.22
20070612,3617.91
20070613,3670.23
20070614,3688.7
20070615,3714.93
20070618,3709.2
20070619,3715.59
20070620,3666.13
20070621,3688.19
20070622,3641.56
20070625,3625.91
20070626,3613.53
20070627,3649.49
20070628,3649.38
20070629,3642.95
20070702,3683.88
20070703,3697.63
20070704,.
20070705,3701.18
20070706,3715.9
20070709,3719.48
20070710,3665.87
20070711,3686.09
20070712,3753.47
20070713,3765.24
20070716,3754.63
20070717,3754.59
20070718,3746.5
20070719,3764.55
20070720,3718.1
20070723,3731.9
20070724,3654.59
20070725,3667.21
20070726,3581.14
20070727,3525.75
20070730,3561.4
20070731,3518.72
20070801,3539.26
20070802,3558.47
20070803,3461.82
20070806,3535.47
20070807,3559.52
20070808,3613.91
20070809,3514.86
20070810,3516.63
20070813,3514.12
20070814,3449.17
20070815,3398.09
20070816,3409.99
20070817,3492.62
20070820,3495.01
20070821,3500.93
20070822,3544.39
20070823,3536.84
20070824,3579.13
20070827,3547.7
20070828,3463.71
20070829,3541.11
20070830,3527.48
20070831,3569.23
20070903,.
20070904,3607.86
20070905,3569.03
20070906,3583.92
20070907,3522.77
20070910,3514.2
20070911,3562.31
20070912,3561.86
20070913,3588.75
20070914,3592.32
20070917,3571.55
20070918,3677.84
20070919,3702.07
20070920,3677.99
20070921,3694.42
20070924,3674.46
20070925,3672.52
20070926,3694.51
20070927,3712.12
20070928,3699.35
20071001,3751.48
20071002,3754.92
20071003,3737.87
20071004,3745.87
20071005,3787.21
20071008,3774.49
20071009,3804.96
20071010,3800.69
20071011,3778.23
20071012,3797.55
20071015,3764.21
20071016,3738.59
20071017,3745.46
20071018,3743.77
20071019,3647.16
20071022,3664.78
20071023,3697.64
20071024,3686.69
20071025,3680.15
20071026,3730.86
20071029,3745.28
20071030,3720.95
20071031,3767.21
20071101,3667.27
20071102,3670.23
20071105,3648.48
20071106,3693.04
20071107,3588.53
20071108,3589.7
20071109,3539.16
20071112,3500.16
20071113,3600.36
20071114,3576.39
20071115,3531
20071116,3546.08
20071119,3481.51
20071120,3493.25
20071121,3441.06
20071122,.
20071123,3498.33
20071126,3420.41
20071127,3468.17
20071128,3570.34
20071129,3571.31
20071130,3597.62
20071203,3576.41
20071204,3552.66
20071205,3606.88
20071206,3666.02
20071207,3662.64
20071210,3690.62
20071211,3594.6
20071212,3614.62
20071213,3617.71
20071214,3566.67
20071217,3510.95
20071218,3535.44
20071219,3533.47
20071220,3556.43
20071221,3617.35
20071224,3647.59
20071225,.
20071226,3650.8
20071227,3595.64
20071228,3599.22
20071231,3575.85
20080101,.
20080102,3525.74
20080103,3520.24
20080104,3430.02
20080107,3437.45
20080108,3372.5
20080109,3413.81
20080110,3442.76
20080111,3394.22
20080114,3430.32
20080115,3346.26
20080116,3329.97
20080117,3233.24
20080118,3213.76
20080121,.
20080122,3182.06
20080123,3253.13
20080124,3285.58
20080125,3238.63
20080128,3297.95
20080129,3318.83
20080130,3299.18
20080131,3359.11
20080201,3407.43
20080204,3373.08
20080205,3267.58
20080206,3240.49
20080207,3268.22
20080208,3256.65
20080211,3275.47
20080212,3297.36
20080213,3345.58
20080214,3298.61
20080215,3299.15
20080218,.
20080219,3297.67
20080220,3326.45
20080221,3283.18
20080222,3306.49
20080225,3356.27
20080226,3380.57
20080227,3376.18
20080228,3344.68
20080229,3254.78
20080303,3255.7
20080304,3243.11
20080305,3262.12
20080306,3186.88
20080307,3160.09
20080310,3105.91
20080311,3221.8
20080312,3195.07
20080313,3216.97
20080314,3149.92
20080317,3113.6
20080318,3245.56
20080319,3166.24
20080320,3240.21
20080321,.
20080324,3296.06
20080325,3308.08
20080326,3281.18
20080327,3243.52
20080328,3216.41
20080331,3235.49
20080401,3349.09
20080402,3346.33
20080403,3352.5
20080404,3356.5
20080407,3361.4
20080408,3348
20080409,3316.12
20080410,3335.09
20080411,3266.19
20080414,3255.84
20080415,3271.59
20080416,3349.47
20080417,3347.98
20080418,3407.29
20080421,3401.85
20080422,3368.44
20080423,3378.58
20080424,3401.87
20080425,3425.75
20080428,3424.75
20080429,3409.05
20080430,3397.3
20080501,3454.74
20080502,3463.51
20080505,3450.86
20080506,3477.68
20080507,3418.42
20080508,3432.63
20080509,3414.73
20080512,3453.87
20080513,3457.3
20080514,3470.03
20080515,3507.95
20080516,3512.96
20080519,3513.2
20080520,3484.42
20080521,3429.59
20080522,3440.73
20080523,3397.04
20080526,.
20080527,3421.56
20080528,3438.26
20080529,3457.92
20080530,3466.89
20080602,3432.76
20080603,3415.48
20080604,3417.58
20080605,3487.4
20080606,3383.33
20080609,3382.96
20080610,3372.27
20080611,3315.45
20080612,3325.06
20080613,3376.48
20080616,3382.5
20080617,3362.44
20080618,3330.62
20080619,3344.81
20080620,3284.09
20080623,3280.95
20080624,3264.27
20080625,3285.78
20080626,3192.42
20080627,3181.61
20080630,3180.8
20080701,3191.32
20080702,3126.4
20080703,3121.85
20080704,.
20080707,3094.03
20080708,3152.55
20080709,3083.16
20080710,3105.49
20080711,3077.92
20080714,3049.65
20080715,3018.23
20080716,3095.87
20080717,3131.58
20080718,3130.45
20080721,3135.12
20080722,3178.27
20080723,3188.67
20080724,3112.11
20080725,3128.83
20080728,3073.07
20080729,3144.83
20080730,3194.55
20080731,3155.43
20080801,3140.29
20080804,3104.29
20080805,3188.5
20080806,3204.12
20080807,3148.86
20080808,3222.14
20080811,3249.27
20080812,3212.69
20080813,3209.37
20080814,3228.99
20080815,3239.16
20080818,3191.39
20080819,3160.63
20080820,3179.43
20080821,3184.52
20080822,3221.08
20080825,3157.55
20080826,3169.51
20080827,3197.79
20080828,3246.17
20080829,3204.44
20080901,.
20080902,3188.17
20080903,3180.87
20080904,3087.14
20080905,3100.18
20080908,3157.86
20080909,3046.79
20080910,3070.32
20080911,3108.16
20080912,3119.49
20080915,2973.81
20080916,3028.36
20080917,2886.53
20080918,3018.39
20080919,3143.68
20080922,3019.31
20080923,2973.26
20080924,2961.94
20080925,3014.58
20080926,3019.42
20080929,2762.03
20080930,2903.15
20081001,2886.11
20081002,2760.23
20081003,2716.66
20081006,2608.62
20081007,2458.46
20081008,2430.23
20081009,2245.19
20081010,2228.73
20081013,2484.48
20081014,2461.33
20081015,2236.52
20081016,2334.32
20081017,2321.42
20081020,2429.64
20081021,2355.84
20081022,2213.32
20081023,2225.96
20081024,2149.79
20081027,2076.74
20081028,2289.43
20081029,2278.45
20081030,2345.21
20081031,2388.25
20081103,2383.07
20081104,2473.01
20081105,2342.88
20081106,2227.76
20081107,2290.62
20081110,2257.08
20081111,2206.22
20081112,2089.92
20081113,2238.57
20081114,2139.08
20081117,2087.88
20081118,2103.88
20081119,1970.25
20081120,1835.84
20081121,1949.04
20081124,2078.99
20081125,2096.23
20081126,2178.11
20081127,.
20081128,2199.72
20081201,1995.69
20081202,2078.72
20081203,2133.78
20081204,2069.63
20081205,2148.4
20081208,2233.16
20081209,2180.6
20081210,2211.83
20081211,2142.73
20081212,2166.73
20081215,2134.26
20081216,2247.4
20081217,2233.49
20081218,2187.28
20081219,2196.81
20081222,2154.77
20081223,2134.8
20081224,2146.9
20081225,.
20081226,2161.43
20081229,2148.89
20081230,2204.65
20081231,2241.8
20090101,.
20090102,2309.58
20090105,2301.78
20090106,2324.8
20090107,2255.21
20090108,2266.13
20090109,2214.53
20090112,2161.57
20090113,2168.71
20090114,2093.24
20090115,2102.07
20090116,2119.71
20090119,.
20090120,2003.06
20090121,2091.75
20090122,2055.65
20090123,2067.66
20090126,2079.75
20090127,2102.64
20090128,2174.92
20090129,2101.38
20090130,2053.67
20090202,2055.32
20090203,2085.26
20090204,2072.42
20090205,2106.53
20090206,2166.92
20090209,2168.56
20090210,2064.29
20090211,2079.75
20090212,2085.64
20090213,2066.53
20090216,.
20090217,1973.17
20090218,1968.2
20090219,1944.57
20090220,1923.42
20090223,1855.04
20090224,1930.92
20090225,1908.39
20090226,1877.75
20090227,1838.54
20090302,1749.34
20090303,1737.16
20090304,1780.69
20090305,1702.83
20090306,1705.41
20090309,1687.24
20090310,1795.95
20090311,1800.59
20090312,1877.55
20090313,1891.59
20090316,1881.04
20090317,1943.29
20090318,1986.75
20090319,1963.36
20090320,1921.73
20090323,2059.17
20090324,2014.24
20090325,2036.14
20090326,2089.58
20090327,2043.54
20090330,1972.89
20090331,1999.58
20090401,2032.46
20090402,2096.38
20090403,2119.35
20090406,2099.58
20090407,2047.11
20090408,2074.12
20090409,2158.43
20090410,.
20090413,2163.14
20090414,2117.42
20090415,2144.48
20090416,2182.08
20090417,2195.06
20090420,2096.53
20090421,2145.74
20090422,2132.96
20090423,2148.66
20090424,2188.35
20090427,2163.85
20090428,2160.23
20090429,2211.98
20090430,2210
20090501,2220.32
20090504,2298.75
20090505,2289.3
20090506,2325.1
20090507,2289.7
20090508,2349
20090511,2300.23
20090512,2293.85
20090513,2226.29
20090514,2252.07
20090515,2227.51
20090518,2298.96
20090519,2296.48
20090520,2285.2
20090521,2247.02
20090522,2242.8
20090525,.
20090526,2306.51
20090527,2263.56
20090528,2295.55
20090529,2327.94
20090601,2393.05
20090602,2399.42
20090603,2366.15
20090604,2395.3
20090605,2389.83
20090608,2384.39
20090609,2395.53
20090610,2387.09
20090611,2401.84
20090612,2403.65
20090615,2345.22
20090616,2313.82
20090617,2311.57
20090618,2329.56
20090619,2337.86
20090622,2264.06
20090623,2266.99
20090624,2284.26
20090625,2334.8
20090626,2335.33
20090629,2353.62
20090630,2335.85
20090701,2349.35
20090702,2279.27
20090703,.
20090706,2280.96
20090707,2235.43
20090708,2230.8
20090709,2239.01
20090710,2231.6
20090713,2286.44
20090714,2299.8
20090715,2369.62
20090716,2392.27
20090717,2390.21
20090720,2419.78
20090721,2427.2
20090722,2428.26
20090723,2487.15
20090724,2496.34
20090727,2504.04
20090728,2498.15
20090729,2485.36
20090730,2516.54
20090731,2517.67
20090803,2558.61
20090804,2568.29
20090805,2561.06
20090806,2544.39
20090807,2582.85
20090810,2574.45
20090811,2541.53
20090812,2572.74
20090813,2591
20090814,2565.62
20090817,2501.65
20090818,2529.23
20090819,2547.25
20090820,2575.19
20090821,2623.81
20090824,2621.1
20090825,2628.06
20090826,2628.75
20090827,2635.86
20090828,2631.34
20090831,2607.63
20090901,2549.84
20090902,2541.75
20090903,2565.68
20090904,2599.91
20090907,.
20090908,2625.37
20090909,2649.14
20090910,2678.13
20090911,2675.75
20090914,2694.67
20090915,2706.55
20090916,2749.85
20090917,2740.74
20090918,2747.47
20090921,2738.84
20090922,2757.7
20090923,2728.17
20090924,2698.15
20090925,2682.28
20090928,2732.44
20090929,2727.43
20090930,2716.88
20091001,2643.66
20091002,2630.2
20091005,2671.89
20091006,2709.46
20091007,2717.26
20091008,2740.02
20091009,2756.97
20091012,2767.53
20091013,2759.47
20091014,2808.65
20091015,2818.75
20091016,2794.66
20091019,2821.57
20091020,2801.4
20091021,2775.44
20091022,2805.6
20091023,2769.07
20091026,2736.04
20091027,2723.07
20091028,2662.98
20091029,2723.9
20091030,2647
20091102,2662.09
20091103,2674.02
20091104,2673.76
20091105,2729.2
20091106,2734.7
20091109,2796.24
20091110,2794.93
20091111,2810.44
20091112,2778.13
20091113,2795.87
20091116,2840.44
20091117,2842.79
20091118,2840.04
20091119,2798.27
20091120,2789.34
20091123,2826.76
20091124,2824.33
20091125,2837.37
20091126,.
20091127,2786.89
20091130,2797.41
20091201,2833.57
20091202,2838.96
20091203,2814.27
20091204,2835.01
20091207,2829.48
20091208,2801.52
20091209,2810.98
20091210,2825.65
20091211,2838.17
20091214,2862.13
20091215,2847.78
20091216,2854.05
20091217,2821.04
20091218,2838.84
20091221,2869.35
20091222,2882.17
20091223,2892.78
20091224,2908.08
20091225,.
20091228,2910.47
20091229,2906.7
20091230,2907.19
20091231,2877.13
20100101,.
20100104,2925.36
20100105,2933.82
20100106,2937.47
20100107,2949.9
20100108,2959.37
20100111,2963.29
20100112,2933.19
20100113,2959.92
20100114,2967.06
20100115,2934.21
20100118,.
20100119,2971.76
20100120,2940.52
20100121,2887.24
20100122,2824.79
20100125,2836.95
20100126,2824.1
20100127,2837.79
20100128,2802.54
20100129,2773.42
20100201,2813.77
20100202,2849.54
20100203,2834.37
20100204,2744.5
20100205,2752.57
20100208,2729.48
20100209,2765.58
20100210,2760.99
20100211,2791.36
20100212,2789.49
20100215,.
20100216,2840.21
20100217,2853.65
20100218,2872.46
20100219,2879.36
20100222,2876.54
20100223,2840.66
20100224,2868.02
20100225,2864.34
20100226,2867.44
20100301,2901.12
20100302,2911.25
20100303,2912.41
20100304,2922.85
20100305,2965.72
20100308,2966.79
20100309,2972.59
20100310,2988.45
20100311,3000.81
20100312,3000.96
20100315,3000.25
20100316,3024.67
20100317,3042.96
20100318,3039.73
20100319,3021.33
20100322,3040.56
20100323,3064.22
20100324,3046.43
20100325,3037.79
20100326,3039.62
20100329,3058.16
20100330,3059.34
20100331,3048.17
20100401,3071.69
20100402,.
20100405,3101.69
20100406,3108.59
20100407,3092.24
20100408,3100.95
20100409,3122.04
20100412,3127.89
20100413,3131.21
20100414,3169.74
20100415,3172.32
20100416,3123.08
20100419,3131.77
20100420,3160.26
20100421,3160.01
20100422,3172.01
20100423,3196.7
20100426,3183.12
20100427,3108.29
20100428,3126.41
20100429,3170.2
20100430,3113.95
20100503,3157.34
20100504,3078.34
20100505,3054.6
20100506,2954.24
20100507,2902.99
20100510,3034.85
20100511,3029.25
20100512,3078.82
20100513,3043.55
20100514,2983.98
20100517,2987.89
20100518,2944.38
20100519,2926.08
20100520,2808.46
20100521,2851.28
20100524,2815.89
20100525,2816.24
20100526,2805.69
20100527,2902.85
20100528,2867.95
20100531,.
20100601,2812.49
20100602,2887.56
20100603,2902.46
20100604,2797.36
20100607,2754.9
20100608,2780.19
20100609,2767.62
20100610,2851.25
20100611,2868.86
20100614,2866.8
20100615,2934.84
20100616,2931.23
20100617,2933.23
20100618,2936.18
20100621,2922.42
20100622,2872.59
20100623,2864.73
20100624,2815.89
20100625,2827.94
20100628,2821.11
20100629,2729.76
20100630,2703.08
20100701,2692.74
20100702,2678.58
20100705,.
20100706,2686.54
20100707,2774.12
20100708,2801.58
20100709,2824.46
20100712,2821.58
20100713,2871.16
20100714,2869.51
20100715,2870.05
20100716,2784.95
20100719,2801.32
20100720,2835.97
20100721,2798.42
20100722,2865.35
20100723,2894.01
20100726,2930.69
20100727,2924.18
20100728,2900.36
20100729,2889.02
20100730,2890.74
20100802,2952.67
20100803,2936.42
20100804,2957.88
20100805,2951.12
20100806,2940.44
20100809,2958.97
20100810,2935.55
20100811,2850.1
20100812,2835.69
20100813,2822.62
20100816,2825.55
20100817,2863.52
20100818,2869.09
20100819,2818.58
20100820,2809.87
20100823,2795.31
20100824,2754.52
20100825,2767.5
20100826,2746.31
20100827,2796.47
20100830,2753.6
20100831,2754.66
20100901,2838.65
20100902,2866.79
20100903,2905.57
20100906,.
20100907,2869.35
20100908,2888.47
20100909,2900.5
20100910,2913.83
20100913,2951.8
20100914,2949.3
20100915,2960.12
20100916,2957.85
20100917,2962
20100920,3010.08
20100921,3000.54
20100922,2984.05
20100923,2959.37
20100924,3025.63
20100927,3009.98
20100928,3027.46
20100929,3022.66
20100930,3014.75
20101001,3027.92
20101004,3001.95
20101005,3066.02
20101006,3062.04
20101007,3057.61
20101008,3079.36
20101011,3080.39
20101012,3092.35
20101013,3116.86
20101014,3105.55
20101015,3111.08
20101018,3132.5
20101019,3080.48
20101020,3114.51
20101021,3117.63
20101022,3127.6
20101025,3136.48
20101026,3136.45
20101027,3129.27
20101028,3131.04
20101029,3132.55
20101101,3133.71
20101102,3161.81
20101103,3173.13
20101104,3235.83
20101105,3248.97
20101108,3243.95
20101109,3216.89
20101110,3234.89
20101111,3222.68
20101112,3182.05
20101115,3179.7
20101116,3127.53
20101117,3131.24
20101118,3179.8
20101119,3189.84
20101122,3188.87
20101123,3145.14
20101124,3196.03
20101125,.
20101126,3174.15
20101129,3170.28
20101130,3150.64
20101201,3218.71
20101202,3259.07
20101203,3270.62
20101206,3269.14
20101207,3271.22
20101208,3280.56
20101209,3293.01
20101210,3314.95
20101213,3313.03
20101214,3315.59
20101215,3298.66
20101216,3321.68
20101217,3326.7
20101220,3335.3
20101221,3357.8
20101222,3368.49
20101223,3362.97
20101224,.
20101227,3365.67
20101228,3366.11
20101229,3371.81
20101230,3367.89
20101231,3364.22
20110103,3404.4
20110104,3393.6
20110105,3413
20110106,3406.59
20110107,3400.18
20110110,3399.06
20110111,3412.42
20110112,3442.44
20110113,3437.32
20110114,3462.56
20110117,.
20110118,3469.5
20110119,3427.86
20110120,3418.18
20110121,3422.19
20110124,3444.16
20110125,3445.39
20110126,3466.4
20110127,3475.23
20110128,3411.55
20110131,3437.7
20110201,3496.36
20110202,3487.59
20110203,3496.8
20110204,3506.62
20110207,3530.22
20110208,3546.61
20110209,3536.19
20110210,3541.58
20110211,3564.44
20110214,3575.7
20110215,3562.28
20110216,3587.12
20110217,3599.98
20110218,3605.24
20110221,.
20110222,3527.76
20110223,3500.67
20110224,3500.56
20110225,3545.31
20110228,3562.86
20110301,3505.09
20110302,3513.08
20110303,3575.89
20110304,3550.87
20110307,3517.89
20110308,3551.27
20110309,3545.35
20110310,3476.41
20110311,3500.91
20110314,3480.39
20110315,3443.47
20110316,3381.7
20110317,3422.11
20110318,3439.1
20110321,3494.24
20110322,3480.99
20110323,3490.57
20110324,3523.18
20110325,3537.39
20110328,3526.95
20110329,3553.97
20110330,3581.83
20110331,3578.93
20110401,3597.3
20110404,3599.96
20110405,3602.05
20110406,3609.19
20110407,3601.4
20110408,3584.7
20110411,3571.78
20110412,3541.38
20110413,3544.76
20110414,3546.37
20110415,3563.53
20110418,3521.58
20110419,3540.77
20110420,3591.99
20110421,3612.65
20110422,.
20110425,3607.37
20110426,3640.28
20110427,3663.5
20110428,3675.79
20110429,3685.45
20110502,3675.18
20110503,3656.5
20110504,3629.68
20110505,3600.82
20110506,3615.52
20110509,3635.98
20110510,3668.53
20110511,3627.48
20110512,3646.13
20110513,3614.5
20110516,3588.54
20110517,3585.06
20110518,3621.72
20110519,3629.48
20110520,3602.99
20110523,3556.86
20110524,3552.52
20110525,3568.66
20110526,3587.75
20110527,3604.74
20110530,.
20110531,3643.4
20110601,3558.29
20110602,3554.77
20110603,3517.76
20110606,3476.97
20110607,3476.41
20110608,3458.46
20110609,3482.52
20110610,3432.29
20110613,3432.52
20110614,3480.05
20110615,3420.11
20110616,3424.86
20110617,3433.61
20110620,3453.53
20110621,3504.96
20110622,3482.96
20110623,3476.23
20110624,3437.64
20110627,3467.62
20110628,3515.01
20110629,3543.41
20110630,3577.97
20110701,3630.83
20110704,.
20110705,3628.59
20110706,3635.44
20110707,3674.99
20110708,3650.16
20110711,3580.2
20110712,3564.26
20110713,3577.97
20110714,3549.09
20110715,3570.47
20110718,3536.92
20110719,3597.52
20110720,3594.78
20110721,3641.2
20110722,3646.02
20110725,3621.97
20110726,3605.63
20110727,3527.03
20110728,3516.09
20110729,3496.04
20110801,3481.24
20110802,3387.83
20110803,3406.98
20110804,3234.41
20110805,3221.96
20110808,2995.68
20110809,3148.75
20110810,3013.64
20110811,3157.44
20110812,3173.79
20110815,3247.15
20110816,3211.66
20110817,3212.45
20110818,3061.66
20110819,3013.94
20110822,3013.94
20110823,3122.02
20110824,3163.69
20110825,3109.64
20110826,3163.6
20110829,3262
20110830,3272.04
20110831,3286.29
20110901,3242.74
20110902,3156.81
20110905,.
20110906,3134.73
20110907,3231.43
20110908,3194.01
20110909,3107.69
20110912,3129.01
20110913,3163.16
20110914,3208.25
20110915,3261.4
20110916,3276.9
20110919,3242.65
20110920,3229.51
20110921,3132.13
20110922,3029.55
20110923,3051.5
20110926,3120.03
20110927,3157.97
20110928,3084.87
20110929,3110.45
20110930,3031.29
20111003,2933.49
20111004,3012.74
20111005,3068.72
20111006,3129.38
20111007,3097.07
20111010,3205.44
20111011,3208.59
20111012,3243.07
20111013,3235.56
20111014,3292.8
20111017,3223.67
20111018,3292.8
20111019,3248.34
20111020,3262.45
20111021,3325.77
20111024,3379.35
20111025,3307.8
20111026,3345.46
20111027,3466.18
20111028,3465.74
20111031,3380.17
20111101,3282.43
20111102,3339.03
20111103,3405.11
20111104,3386.65
20111107,3403.32
20111108,3444.42
20111109,3313.85
20111110,3341.26
20111111,3408.79
20111114,3375.6
20111115,3395.57
20111116,3340.46
20111117,3284.13
20111118,3282.79
20111121,3221.5
20111122,3207.19
20111123,3133.08
20111124,.
20111125,3122.9
20111128,3220.08
20111129,3226.23
20111130,3371.03
20111201,3362.66
20111202,3364.43
20111205,3401.04
20111206,3402.63
20111207,3408.19
20111208,3331.72
20111209,3392.86
20111212,3341.46
20111213,3306.97
20111214,3267.41
20111215,3281.4
20111216,3296.02
20111219,3253.59
20111220,3355.04
20111221,3362.07
20111222,3391.19
20111223,3419.47
20111226,.
20111227,3421.56
20111228,3375.41
20111229,3412.88
20111230,3398.74
20120102,.
20120103,3449.92
20120104,3448.56
20120105,3461.77
20120106,3455.15
20120109,3464.75
20120110,3498.45
20120111,3502.39
20120112,3511.97
20120113,3493.24
20120116,.
20120117,3504.79
20120118,3547.64
20120119,3566.08
20120120,3568.3
20120123,3569.09
20120124,3569.62
20120125,3603.11
20120126,3583.35
20120127,3583.15
20120130,3571.83
20120131,3570.25
20120201,3609.38
20120202,3615.11
20120203,3671.58
20120206,3669.4
20120207,3675.46
20120208,3683.94
20120209,3688.74
20120210,3660.06
20120213,3688.58
20120214,3684.22
20120215,3666.3
20120216,3711.44
20120217,3717.21
20120220,.
20120221,3715.83
20120222,3702.04
20120223,3723.32
20120224,3728.46
20120227,3732.76
20120228,3741.94
20120229,3721.28
20120301,3745.22
20120302,3728.23
20120305,3714.42
20120306,3654.12
20120307,3683.01
20120308,3721.27
20120309,3739.11
20120312,3737.02
20120313,3807.17
20120314,3798.38
20120315,3823.11
20120316,3825.96
20120319,3842.15
20120320,3826.78
20120321,3821.63
20120322,3792.01
20120323,3807.14
20120326,3861.58
20120327,3849.06
20120328,3830.07
20120329,3824.43
20120330,3836.07
20120402,3866.13
20120403,3852.68
20120404,3809.99
20120405,3807.68
20120406,.
20120409,3762.18
20120410,3693.23
20120411,3725.22
20120412,3778.8
20120413,3731.64
20120416,3730.08
20120417,3787.59
20120418,3771.4
20120419,3751.15
20120420,3756.8
20120423,3722.4
20120424,3735.95
20120425,3790.02
20120426,3816.58
20120427,3828.84
20120430,3810.91
20120501,3829.89
20120502,3823.81
20120503,3789.7
20120504,3728.32
20120507,3730.68
20120508,3716.23
20120509,3693.67
20120510,3703.97
20120511,3693.8
20120514,3651.49
20120515,3632.21
20120516,3615.74
20120517,3554.7
20120518,3525.95
20120521,3587.65
20120522,3588.22
20120523,3597.06
20120524,3602.66
20120525,3596.07
20120528,.
20120529,3638.04
20120530,3583.14
20120531,3575.33
20120601,3483.2
20120604,3480.95
20120605,3505.68
20120606,3587.87
20120607,3583.79
20120608,3613.5
20120611,3562.35
20120612,3604.19
20120613,3576.56
20120614,3614.44
20120615,3651.87
20120618,3659.74
20120619,3698.73
20120620,3692.86
20120621,3608.88
20120622,3635.99
20120625,3577.12
20120626,3595.05
20120627,3629.18
20120628,3622.87
20120629,3715.35
20120702,3728.72
20120703,3756.68
20120704,.
20120705,3741.89
20120706,3705.78
20120709,3698.21
20120710,3665.91
20120711,3663.62
20120712,3646.84
20120713,3705.61
20120716,3695.23
20120717,3720.99
20120718,3745.79
20120719,3754.5
20120720,3715.48
20120723,3678.99
20120724,3643.12
20120725,3644.03
20120726,3700.87
20120727,3773.57
20120730,3769.23
20120731,3752.15
20120801,3734.69
20120802,3709.35
20120803,3782.08
20120806,3793.47
20120807,3815.56
20120808,3818.31
20120809,3823.11
20120810,3830.19
20120813,3825.32
20120814,3824.16
20120815,3833.99
20120816,3863.1
20120817,3872.76
20120820,3870.62
20120821,3859.45
20120822,3859.26
20120823,3829.27
20120824,3852.45
20120827,3850.65
20120828,3851.08
20120829,3856.38
20120830,3826.34
20120831,3845.8
20120903,.
20120904,3848.53
20120905,3845.66
20120906,3924.47
20120907,3941.99
20120910,3919.25
20120911,3931.01
20120912,3941.54
20120913,4002.74
20120914,4023.84
20120917,4007.23
20120918,4000.46
20120919,4005.92
20120920,4000.27
20120921,4001.87
20120924,3991.31
20120925,3946.57
20120926,3924.83
20120927,3964.01
20120928,3946.79
20121001,3955.86
20121002,3960.76
20121003,3973.91
20121004,4002.52
20121005,4002.3
20121008,3987.68
20121009,3947.22
20121010,3924.75
20121011,3929.1
20121012,3914.92
20121015,3945.57
20121016,3985.68
20121017,4004.41
20121018,3994.85
20121019,3929.38
20121022,3929.72
20121023,3878.45
20121024,3866.74
20121025,3877.88
20121026,3873.16
20121029,3873.16
20121030,3873.16
20121031,3878.72
20121101,3925.3
20121102,3885.77
20121105,3896.3
20121106,3927.07
20121107,3838.09
20121108,3790.94
20121109,3797.24
20121112,3797.05
20121113,3782.65
20121114,3728.25
20121115,3720.84
20121116,3742.24
20121119,3816.42
20121120,3820.49
20121121,3831.17
20121122,.
20121123,3880.23
20121126,3874.14
20121127,3856.66
20121128,3887.11
20121129,3907.61
20121130,3908.75
20121203,3891.58
20121204,3886.11
20121205,3892.37
20121206,3905.89
20121207,3916.61
20121210,3920.91
20121211,3946.85
20121212,3946.87
20121213,3923.17
20121214,3908.77
20121217,3954.4
20121218,4001.53
20121219,3976.88
20121220,3998.95
20121221,3963.21
20121224,3954.03
20121225,.
20121226,3933.26
20121227,3929.75
20121228,3889.9
20121231,3956.65
20130101,.
20130102,4058.13
20130103,4052.24
20130104,4074.23
20130107,4061.66
20130108,4051.04
20130109,4064.49
20130110,4091.41
20130111,4092.09
20130114,4089.45
20130115,4097.15
20130116,4095.8
20130117,4120.8
20130118,4134.14
20130121,.
20130122,4154.46
20130123,4158.59
20130124,4162.11
20130125,4186.68
20130128,4179.75
20130129,4196.91
20130130,4179.05
20130131,4173.76
20130201,4215.08
20130204,4166.87
20130205,4209.76
20130206,4215.24
20130207,4208.29
20130208,4232.91
20130211,4229.81
20130212,4238.4
20130213,4243.93
20130214,4248.27
20130215,4244.64
20130218,.
20130219,4276.12
20130220,4219.13
20130221,4190.35
20130222,4229.3
20130225,4151.61
20130226,4176.97
20130227,4231.16
20130228,4229.07
20130301,4237.78
20130304,4256.68
20130305,4299.2
20130306,4306.01
20130307,4315.94
20130308,4338.18
20130311,4350.82
20130312,4340.88
20130313,4349.88
20130314,4376.02
20130315,4368.75
20130318,4345.58
20130319,4334
20130320,4365.7
20130321,4329.73
20130322,4357.44
20130325,4344.08
20130326,4377.25
20130327,4376.75
20130328,4394.79
20130329,.
20130401,4370.52
20130402,4385.5
20130403,4335.85
20130404,4355.19
20130405,4338.18
20130408,4368.56
20130409,4380.92
20130410,4436.49
20130411,4452.68
20130412,4439.84
20130415,4329.28
20130416,4393.03
20130417,4328.95
20130418,4300.29
20130419,4341.34
20130422,4360.19
20130423,4407.45
20130424,4410.52
20130425,4430.27
20130426,4420.59
20130429,4452.46
20130430,4466.73
20130501,4418.11
20130502,4461.68
20130503,4509.47
20130506,4520.77
20130507,4546.52
20130508,4567.43
20130509,4552.19
20130510,4574.62
20130513,4573.77
20130514,4622.01
20130515,4645.42
20130516,4622.37
20130517,4669.46
20130520,4667.5
20130521,4675.51
20130522,4630.8
20130523,4620.11
20130524,4616.48
20130527,.
20130528,4648.17
20130529,4613.95
20130530,4634.45
20130531,4572.1
20130603,4595.08
20130604,4568.67
20130605,4506.37
20130606,4547.78
20130607,4603.94
20130610,4604.44
20130611,4556.71
20130612,4518.92
20130613,4588.35
20130614,4562.56
20130617,4595.54
20130618,4632.67
20130619,4568.92
20130620,4453.86
20130621,4463.36
20130624,4409.27
20130625,4453.23
20130626,4494.73
20130627,4529.93
20130628,4512.8
20130701,4543.36
20130702,4540.94
20130703,4544.87
20130704,.
20130705,4592.92
20130708,4616.13
20130709,4651.27
20130710,4653.85
20130711,4717.35
20130712,4732.32
20130715,4741.58
20130716,4722.04
20130717,4737.04
20130718,4763.17
20130719,4768.77
20130722,4779.96
20130723,4772.09
20130724,4750.81
20130725,4770.15
20130726,4770.89
20130729,4752.44
20130730,4757.91
20130731,4760.14
20130801,4823.81
20130802,4830.77
20130805,4826.77
20130806,4794.61
20130807,4775.13
20130808,4796.58
20130809,4783.59
20130812,4781.42
20130813,4790.65
20130814,4767.03
20130815,4697.03
20130816,4682.26
20130819,4652.45
20130820,4678.85
20130821,4652.05
20130822,4695.61
20130823,4714.77
20130826,4700.5
20130827,4620.33
20130828,4634.22
20130829,4649.6
20130830,4627.26
20130902,.
20130903,4646.54
20130904,4685.35
20130905,4692.92
20130906,4695.59
20130909,4747.34
20130910,4783.73
20130911,4797.89
20130912,4781.76
20130913,4795.29
20130916,4820.04
20130917,4845.04
20130918,4901.93
20130919,4895.13
20130920,4861.61
20130923,4839.88
20130924,4832.59
20130925,4822.6
20130926,4842.53
20130927,4824
20130930,4799.28
20131001,4843.27
20131002,4838.73
20131003,4794.47
20131004,4829.08
20131007,4785.78
20131008,4721.91
20131009,4720.09
20131010,4825.61
20131011,4859.95
20131014,4880.19
20131015,4844.78
20131016,4911.52
20131017,4947.53
20131018,4982.27
20131021,4981.52
20131022,5008.15
20131023,4983.55
20131024,5002.6
20131025,5021.01
20131028,5024.42
20131029,5049.9
20131030,5020.49
20131031,5003.14
20131101,5014.15
20131104,5036.5
20131105,5022.19
20131106,5038.19
20131107,4967.06
20131108,5035.01
20131111,5040.28
20131112,5030.67
20131113,5075.4
20131114,5098.19
20131115,5119.95
20131118,5094.94
20131119,5080.93
20131120,5063.66
20131121,5111.12
20131122,5136.65
20131125,5129.49
20131126,5135.92
20131127,5151.58
20131128,.
20131129,5148.34
20131202,5131.71
20131203,5114.74
20131204,5110.1
20131205,5092.92
20131206,5145.73
20131209,5154.35
20131210,5137.25
20131211,5075.3
20131212,5063.09
20131213,5066.93
20131216,5101
20131217,5088.19
20131218,5168.42
20131219,5160.69
20131220,5194.59
20131223,5225.57
20131224,5242.67
20131225,.
20131226,5264.15
20131227,5262.62
20131230,5262.98
20131231,5284.17
20140101,.
20140102,5237.11
20140103,5239.09
20140106,5222.24
20140107,5257
20140108,5258.77
20140109,5260.98
20140110,5277.08
20140113,5210.13
20140114,5268.94
20140115,5296.84
20140116,5291.85
20140117,5271.42
20140120,.
20140121,5288.3
20140122,5296.11
20140123,5250.56
20140124,5137.33
20140127,5105.86
20140128,5141.81
20140129,5088.15
20140130,5149.46
20140131,5117.22
20140203,4992.87
20140204,5033.17
20140205,5021.88
20140206,5085.18
20140207,5151.15
20140210,5160.54
20140211,5216.11
20140212,5221.28
20140213,5257.19
20140214,5280.04
20140217,.
20140218,5295.12
20140219,5259.15
20140220,5295.7
20140221,5289.34
20140224,5323.05
20140225,5317.1
20140226,5322.55
20140227,5349.87
20140228,5359.96
20140303,5321.89
20140304,5408.32
20140305,5407.03
20140306,5415.01
20140307,5416.37
20140310,5410.32
20140311,5380.11
20140312,5385.93
20140313,5322.83
20140314,5314.54
20140317,5361.73
20140318,5405.03
20140319,5370.88
20140320,5399.14
20140321,5382.35
20140324,5350.01
20140325,5368.96
20140326,5323.35
20140327,5314.17
20140328,5337.87
20140331,5388.41
20140401,5431.97
20140402,5448.27
20140403,5434.85
20140404,5359.68
20140407,5295.82
20140408,5320.49
20140409,5381.86
20140410,5265.06
20140411,5211.12
20140414,5249.33
20140415,5282.85
20140416,5340.21
20140417,5350.21
20140418,.
20140421,5371
20140422,5399.53
20140423,5385
20140424,5391.44
20140425,5339.88
20140428,5349.33
20140429,5375.81
20140430,5394.95
20140501,5397.24
20140502,5393.3
20140505,5401.84
20140506,5350.57
20140507,5378.43
20140508,5365.88
20140509,5378.02
20140512,5438.32
20140513,5435.05
20140514,5404.89
20140515,5357.51
20140516,5378.34
20140519,5403.52
20140520,5363.26
20140521,5405.42
20140522,5423.14
20140523,5450.1
20140526,.
20140527,5486.19
20140528,5478.92
20140529,5507.69
20140530,5512.67
20140602,5516.72
20140603,5514.13
20140604,5527.86
20140605,5570.86
20140606,5599.62
20140609,5608.71
20140610,5605.17
20140611,5586.05
20140612,5548.74
20140613,5566.33
20140616,5572.01
20140617,5589.37
20140618,5630.19
20140619,5638.04
20140620,5649.23
20140623,5647.44
20140624,5608.77
20140625,5638.26
20140626,5632.67
20140627,5647.92
20140630,5650.94
20140701,5692.04
20140702,5689.61
20140703,5720.69
20140704,.
20140707,5687.67
20140708,5643.81
20140709,5668.7
20140710,5642.81
20140711,5649
20140714,5676.13
20140715,5659.51
20140716,5678.77
20140717,5611.1
20140718,5672.66
20140721,5658.8
20140722,5689.04
20140723,5699.45
20140724,5701.75
20140725,5671.65
20140728,5669.33
20140729,5647.53
20140730,5652.77
20140731,5539.46
20140801,5523.67
20140804,5563.46
20140805,5515.49
20140806,5517.01
20140807,5489.04
20140808,5550.48
20140811,5571.57
20140812,5558.58
20140813,5599.04
20140814,5622.94
20140815,5623.28
20140818,5675.75
20140819,5703.58
20140820,5715.19
20140821,5730.28
20140822,5722.49
20140825,5749.14
20140826,5759.85
20140827,5759.95
20140828,5749.14
20140829,5771.87
20140901,.
20140902,5774.28
20140903,5766.86
20140904,5755.53
20140905,5783.23
20140908,5770.78
20140909,5729.73
20140910,5751.58
20140911,5761.76
20140912,5723.98
20140915,5709.31
20140916,5750.48
20140917,5758.59
20140918,5785.4
20140919,5775.62
20140922,5720.95
20140923,5685.86
20140924,5729.91
20140925,5638.85
20140926,5687.85
20140929,5674.94
20140930,5651.56
20141001,5575.44
20141002,5581.09
20141003,5641.76
20141006,5628.94
20141007,5542.39
20141008,5638.09
20141009,5518.23
20141010,5448.79
20141013,5362.7
20141014,5378.92
20141015,5348.64
20141016,5361.08
20141017,5422.05
20141020,5473.7
20141021,5582.93
20141022,5536.92
20141023,5608.2
20141024,5644.76
20141027,5635.64
20141028,5712.04
20141029,5702.05
20141030,5737.31
20141031,5807.05
20141103,5806.57
20141104,5786.61
20141105,5815.48
20141106,5841.85
20141107,5845.5
20141110,5864.97
20141111,5869.03
20141112,5870.89
20141113,5867.97
20141114,5869.81
20141117,5868.39
20141118,5900.74
20141119,5886.78
20141120,5904.69
20141121,5934.16
20141124,5957.36
20141125,5952.51
20141126,5969.85
20141127,.
20141128,5947.78
20141201,5897.86
20141202,5936.17
20141203,5964.99
20141204,5956.79
20141205,5970.04
20141208,5923.78
20141209,5931.57
20141210,5830.89
20141211,5858.65
20141212,5767.6
20141215,5728.22
20141216,5684.16
20141217,5806.11
20141218,5938.97
20141219,5966.06
20141222,5989.49
20141223,6000.44
20141224,6003.03
20141225,.
20141226,6025.41
20141229,6034.34
20141230,6006.12
20141231,5947.71
20150101,.
20150102,5944.42
20150105,5839.11
20150106,5783.21
20150107,5852.48
20150108,5955.94
20150109,5906.45
20150112,5862.04
20150113,5850.84
20150114,5818.2
20150115,5759.21
20150116,5838.66
20150119,.
20150120,5842.97
20150121,5868.55
20150122,5961.93
20150123,5933.27
20150126,5958.1
20150127,5886.54
20150128,5805.87
20150129,5861.32
20150130,5782.18
20150202,5852.26
20150203,5939.31
20150204,5917.43
20150205,5982.43
20150206,5963.86
20150209,5936.03
20150210,5996.28
20150211,5998.07
20150212,6058.99
20150213,6086.33
20150216,.
20150217,6096.11
20150218,6099.11
20150219,6094.52
20150220,6132.3
20150223,6130.22
20150224,6145.04
20150225,6144.14
20150226,6137.29
20150227,6116.97
20150302,6156.12
20150303,6128.91
20150304,6103.17
20150305,6112.64
20150306,6028.25
20150309,6052.11
20150310,5954.94
20150311,5953.28
20150312,6030.94
20150313,5996.73
20150316,6072.05
20150317,6058.65
20150318,6129.16
20150319,6105.21
20150320,6159.35
20150323,6147.96
20150324,6114.62
20150325,6020.29
20150326,6007.07
20150327,6027.31
20150330,6102.66
20150331,6054.78
20150401,6032.74
20150402,6054.72
20150403,.
20150406,6093.72
20150407,6077.58
20150408,6099.96
20150409,6120.85
20150410,6150.7
20150413,6126.13
20150414,6134.25
20150415,6167
20150416,6162.28
20150417,6089.6
20150420,6144.72
20150421,6138.29
20150422,6166.49
20150423,6183.94
20150424,6191.61
20150427,6160.49
20150428,6176.7
20150429,6150.69
20150430,6082.17
20150501,6144.14
20150504,6162.81
20150505,6088.1
20150506,6069.14
20150507,6094.58
20150508,6170.82
20150511,6145.39
20150512,6128.78
20150513,6128.3
20150514,6193.45
20150515,6199.14
20150518,6224.48
20150519,6220.13
20150520,6216.55
20150521,6230.14
20150522,6216.53
20150525,.
20150526,6153.26
20150527,6210.5
20150528,6203.61
20150529,6166.3
20150601,6179.4
20150602,6175.65
20150603,6194.88
20150604,6141.13
20150605,6140.4
20150608,6100.59
20150609,6100.28
20150610,6173.36
20150611,6188.04
20150612,6148.77
20150615,6120.71
20150616,6155.54
20150617,6166.2
20150618,6228.81
20150619,6200.68
20150622,6237.06
20150623,6243
20150624,6194.04
20150625,6177.23
20150626,6174.84
20150629,6043.29
20150630,6063.13
20150701,6101.79
20150702,6096.6
20150703,.
20150706,6075.43
20150707,6109.13
20150708,6008.73
20150709,6023.66
20150710,6098.11
20150713,6164.66
20150714,6194.17
20150715,6183.18
20150716,6229.82
20150717,6230.58
20150720,6231.22
20150721,6203.13
20150722,6193.25
20150723,6156.85
20150724,6090.58
20150727,6050.02
20150728,6123.15
20150729,6168.5
20150730,6172.09
20150731,6164.54
20150803,6145.46
20150804,6133.21
20150805,6153.77
20150806,6102.66
20150807,6084.03
20150810,6162.41
20150811,6105.2
20150812,6109.68
20150813,6102.49
20150814,6128.1
20150817,6166.35
20150818,6147.08
20150819,6094.9
20150820,5960.64
20150821,5785.43
20150824,5557.22
20150825,5488.5
20150826,5688.9
20150827,5826.68
20150828,5838.38
20150831,5792.39
20150901,5624.57
20150902,5725.76
20150903,5733.59
20150904,5652.08
20150907,.
20150908,5791.85
20150909,5714.35
20150910,5742.35
20150911,5769.7
20150914,5746.83
20150915,5818.2
20150916,5869.06
20150917,5860.93
20150918,5768.42
20150921,5789.1
20150922,5714.83
20150923,5701.56
20150924,5680.59
20150925,5669.4
20150928,5519.69
20150929,5520.89
20150930,5623.6
20151001,5632.08
20151002,5715.55
20151005,5822.71
20151006,5798.44
20151007,5852.96
20151008,5904.31
20151009,5910.17
20151012,5914.24
20151013,5869.35
20151014,5839.2
20151015,5929.54
20151016,5951.75
20151019,5954.34
20151020,5946.35
20151021,5903.86
20151022,5992.42
20151023,6054.5
20151026,6041.89
20151027,6019.51
20151028,6103.12
20151029,6092.87
20151030,6067.78
20151102,6145.96
20151103,6162.29
20151104,6144.94
20151105,6139.01
20151106,6140.8
20151109,6080.79
20151110,6092.53
20151111,6068.35
20151112,5980.06
20151113,5917.8
20151116,6001.16
20151117,5993.41
20151118,6090.68
20151119,6082.26
20151120,6106.72
20151123,6103.96
20151124,6116.4
20151125,6122.25
20151126,.
20151127,6129.5
20151130,6101.42
20151201,6162.61
20151202,6096.9
20151203,6007.2
20151204,6119.97
20151207,6069.66
20151208,6032.24
20151209,5982.97
20151210,5998.19
20151211,5881.47
20151214,5898.24
20151215,5963.51
20151216,6050.82
20151217,5963.02
20151218,5863.28
20151221,5906.76
20151222,5958.88
20151223,6035.1
20151224,6028.14
20151225,.
20151228,6012.62
20151229,6076.04
20151230,6031.66
20151231,5976.18
20160101,.
20160104,5883.32
20160105,5893.74
20160106,5815.73
20160107,5674.51
20160108,5609.9
20160111,5608.61
20160112,5647.01
20160113,5500.56
20160114,5588.05
20160115,5470.88
20160118,.
20160119,5462.73
20160120,5408
20160121,5431.18
20160122,5545.89
20160125,5453.7
20160126,5537.13
20160127,5474.27
20160128,5496.86
20160129,5638.98
20160201,5637.29
20160202,5527.07
20160203,5555.89
20160204,5570.62
20160205,5457.17
20160208,5371.68
20160209,5364.61
20160210,5367.22
20160211,5301.37
20160212,5405.8
20160215,.
20160216,5503.52
20160217,5596.91
20160218,5571.08
20160219,5573.89
20160222,5654.25
20160223,5586.89
20160224,5615.2
20160225,5679.95
20160226,5677.79
20160229,5637.16
20160301,5768.9
20160302,5799.07
20160303,5827.2
20160304,5849.22
20160307,5861.65
20160308,5785.79
20160309,5815.66
20160310,5810.96
20160311,5913.02
20160314,5904.2
20160315,5882.99
20160316,5920.14
20160317,5965.01
20160318,5994.09
20160321,5998.97
20160322,5995.97
20160323,5946.89
20160324,5947.37
20160325,.
20160328,5951.16
20160329,6016.24
20160330,6040.28
20160331,6034.05
20160401,6069.58
20160404,6046.92
20160405,5986.05
20160406,6052.28
20160407,5978.75
20160408,5997.4
20160411,5980.76
20160412,6038.54
20160413,6109.89
20160414,6109.53
20160415,6106.9
20160418,6145.63
20160419,6164.26
20160420,6170.39
20160421,6138.42
20160422,6147.39
20160425,6131.94
20160426,6150.54
20160427,6162.57
20160428,6103.73
20160429,6071.45
20160502,6119.25
20160503,6058.89
20160504,6022.87
20160505,6019.14
20160506,6040.67
20160509,6046.09
20160510,6120.59
20160511,6063.48
20160512,6058.59
20160513,6009.74
20160516,6070.41
20160517,6013.03
20160518,6015.88
20160519,5991.02
20160520,6036.44
20160523,6024.6
20160524,6110.85
20160525,6153.4
20160526,6151.02
20160527,6181.7
20160530,.
20160531,6180.07
20160601,6192.72
20160602,6215.4
20160603,6194.74
20160606,6229.48
20160607,6239.43
20160608,6263.24
20160609,6248.85
20160610,6184.5
20160613,6134.83
20160614,6122.48
20160615,6116.06
20160616,6131.51
20160617,6113.96
20160620,6154.84
20160621,6167.11
20160622,6155.03
20160623,6242.57
20160624,6014.93
20160627,5893.42
20160628,6000.82
20160629,6107.55
20160630,6192.78
20160701,6208.26
20160704,.
20160705,6159.76
20160706,6195.27
20160707,6194.08
20160708,6293.58
20160711,6319.76
20160712,6367.58
20160713,6365.28
20160714,6394.89
20160715,6391.37
20160718,6406.51
20160719,6394.54
20160720,6425.73
20160721,6402.23
20160722,6433.9
20160725,6414.98
20160726,6422.65
20160727,6414.52
20160728,6425.95
20160729,6438.55
20160801,6429.52
20160802,6382.27
20160803,6408.8
20160804,6412.22
20160805,6468.68
20160808,6464.11
20160809,6468.03
20160810,6449.16
20160811,6479.63
20160812,6475.68
20160815,6500.57
20160816,6462.03
20160817,6470.5
20160818,6489.58
20160819,6481.93
20160822,6481.28
20160823,6498.44
20160824,6461.03
20160825,6456.21
20160826,6444.81
20160829,6479.88
20160830,6470.45
20160831,6454.97
20160901,6456.26
20160902,6489.27
20160905,.
20160906,6507.23
20160907,6513.53
20160908,6498.68
20160909,6333.99
20160912,6425.08
20160913,6327.83
20160914,6324.37
20160915,6390.16
20160916,6367.45
20160919,6373.66
20160920,6371.75
20160921,6443.12
20160922,6491.82
20160923,6454.43
20160926,6400.78
20160927,6437.94
20160928,6476.31
20160929,6413.13
20160930,6465.12
20161003,6443.95
20161004,6412.48
20161005,6443.42
20161006,6442.75
20161007,6418.61
20161010,6452.41
20161011,6368.36
20161012,6375.26
20161013,6352.91
20161014,6351.39
20161017,6333.72
20161018,6372.84
20161019,6390.02
20161020,6379.85
20161021,6378.7
20161024,6409.91
20161025,6380.56
20161026,6364.17
20161027,6338.03
20161028,6321.33
20161031,6325.24
20161101,6279.44
20161102,6233.16
20161103,6208.05
20161104,6203.77
20161107,6341.36
20161108,6366.98
20161109,6449.84
20161110,6468.08
20161111,6475.99
20161114,6490.71
20161115,6537.58
20161116,6530.23
20161117,6563.26
20161118,6553
20161121,6600.57
20161122,6620.13
20161123,6630.53
20161124,.
20161125,6656.49
20161128,6615.72
20161129,6624.45
20161130,6608.31
20161201,6582.22
20161202,6584.84
20161205,6632.79
20161206,6663.35
20161207,6747.82
20161208,6773.84
20161209,6806.62
20161212,6789.95
20161213,6829.41
20161214,6770.11
20161215,6797.99
20161216,6787.57
20161219,6803.87
20161220,6833.18
20161221,6813.88
20161222,6795.14
20161223,6808.41
20161226,.
20161227,6825.38
20161228,6766.88
20161229,6767.18
20161230,6737.26
20170102,.
20170103,6792.93
20170104,6846.3
20170105,6832.87
20170106,6853.59
20170109,6826.77
20170110,6835.34
20170111,6854.22
20170112,6835.47
20170113,6853.68
20170116,.
20170117,6824.41
20170118,6840.86
20170119,6812.64
20170120,6835.7
20170123,6818.1
20170124,6871.47
20170125,6926.48
20170126,6918.4
20170127,6909.31
20170130,6862.65
20170131,6864.07
20170201,6865.66
20170202,6869.35
20170203,6926.16
20170206,6908.27
20170207,6906.32
20170208,6912.36
20170209,6959.77
20170210,6987.19
20170213,7022.67
20170214,7051.54
20170215,7086.97
20170216,7079.29
20170217,7090.86
20170220,.
20170221,7135.24
20170222,7124.52
20170223,7120.77
20170224,7132.19
20170227,7148.28
20170228,7119.35
20170301,7219.5
20170302,7171.47
20170303,7175.66
20170306,7148.39
20170307,7124.07
20170308,7106.14
20170309,7106.42
20170310,7130.33
20170313,7138.09
20170314,7112.76
20170315,7178.41
20170316,7170.65
20170317,7165.67
20170320,7147.79
20170321,7047.13
20170322,7059.09
20170323,7057.17
20170324,7052.91
20170327,7048
20170328,7099.71
20170329,7111.63
20170330,7135.55
20170331,7124.2
20170403,7104.99
20170404,7108.84
20170405,7080.21
20170406,7103.32
20170407,7098.12
20170410,7105.66
20170411,7103.85
20170412,7069.31
20170413,7018.88
20170414,.
20170417,7081.95
20170418,7064.96
20170419,7058.93
20170420,7115.23
20170421,7093.97
20170424,7171.3
20170425,7216.77
20170426,7218.39
20170427,7222.64
20170428,7199.71
20170501,7215.33
20170502,7218.47
20170503,7204.38
20170504,7204.92
20170505,7239.35
20170508,7235.14
20170509,7229.42
20170510,7243.68
20170511,7225.58
20170512,7211.81
20170515,7250.15
20170516,7246.48
20170517,7111.43
20170518,7137.38
20170519,7186.31
20170522,7225.38
20170523,7238.4
20170524,7256.61
20170525,7285.91
20170526,7287.98
20170529,.
20170530,7274.48
20170531,7273.39
20170601,7340.25
20170602,7368.32
20170605,7354.56
20170606,7334.47
20170607,7345.98
20170608,7357.18
20170609,7353.66
20170612,7347.61
20170613,7385.36
20170614,7374.43
20170615,7356.21
20170616,7355.81
20170619,7416.99
20170620,7363.6
20170621,7357.31
20170622,7357.9
20170623,7375.6
20170626,7380.64
20170627,7319.02
20170628,7390.16
20170629,7328.14
20170630,7339.03
20170703,7361.01
20170704,.
20170705,7366.3
20170706,7293.78
20170707,7344.74
20170710,7346.36
20170711,7345.5
20170712,7400.09
20170713,7413.35
20170714,7446.02
20170717,7447.47
20170718,7448.98
20170719,7494.45
20170720,7493.72
20170721,7488.16
20170724,7484.71
20170725,7511.42
20170726,7508.11
20170727,7495.19
20170728,7484.09
20170731,7477.41
20170801,7495.48
20170802,7489.77
20170803,7473.61
20170804,7491.03
20170807,7502.52
20170808,7484.42
20170809,7474.34
20170810,7365.68
20170811,7377.36
20170814,7454.57
20170815,7446.36
20170816,7459.98
20170817,7343.99
20170818,7331.31
20170821,7338.61
20170822,7412.09
20170823,7390.34
20170824,7379.95
20170825,7393.86
20170828,7398.35
20170829,7404.28
20170830,7443.22
20170831,7491.82
20170901,7510.92
20170904,.
20170905,7450.7
20170906,7471.63
20170907,7468.41
20170908,7460.61
20170911,7542.5
20170912,7571.01
20170913,7576.43
20170914,7570.56
20170915,7587.72
20170918,7604.66
20170919,7611.21
20170920,7620.02
20170921,7598.55
20170922,7606.88
20170925,7592.41
20170926,7595.13
20170927,7635.8
20170928,7647.99
20170929,7674.52
20171002,7711.52
20171003,7729.13
20171004,7736.99
20171005,7778.57
20171006,7772.3
20171009,7755.91
20171010,7773.9
20171011,7785.98
20171012,7774.82
20171013,7779.56
20171016,7791.29
20171017,7793.11
20171018,7801.76
20171019,7803.41
20171020,7844.26
20171023,7809.47
20171024,7822.45
20171025,7784.19
20171026,7797.53
20171027,7858.19
20171030,7826.98
20171031,7842
20171101,7847.26
20171102,7850.09
20171103,7873.18
20171106,7885.83
20171107,7873.16
20171108,7885.22
20171109,7855.78
20171110,7853.59
20171113,7860.77
20171114,7843.53
20171115,7803.01
20171116,7874.44
20171117,7863.45
20171120,7878.4
20171121,7933.1
20171122,7928.02
20171123,.
20171124,7944.12
20171127,7937.34
20171128,8018
20171129,8018.07
20171130,8080.12
20171201,8063.21
20171204,8052.21
20171205,8017
20171206,8010.57
20171207,8041.91
20171208,8083.92
20171211,8105.52
20171212,8112.89
20171213,8112.68
20171214,8075.19
20171215,8151.99
20171218,8203.22
20171219,8173.46
20171220,8170.72
20171221,8189.38
20171222,8185.44
20171225,.
20171226,8179.36
20171227,8185.85
20171228,8205.06
20171229,8160.88
20180101,.
20180102,8228.76
20180103,8276.86
20180104,8308.38
20180105,8361.78
20180108,8377.28
20180109,8387.5
20180110,8377.43
20180111,8447.28
20180112,8498.86
20180115,.
20180116,8460.31
20180117,8538.39
20180118,8521.2
20180119,8568.53
20180122,8635.73
20180123,8656.84
20180124,8645.54
20180125,8649.72
20180126,8742.33
20180129,8683.32
20180130,8591.1
20180131,8591.05
20180201,8590.88
20180202,8411.68
20180205,8076.73
20180206,8207.13
20180207,8173.32
20180208,7875.34
20180209,7987.52
20180212,8094.26
20180213,8117.22
20180214,8233.66
20180215,8332.89
20180216,8338.95
20180219,.
20180220,8290
20180221,8250.59
20180222,8255.23
20180223,8383.07
20180226,8474.08
20180227,8366.24
20180228,8274.38
20180301,8177.37
20180302,8230.95
20180305,8320.14
20180306,8351.37
20180307,8355.86
20180308,8388.52
20180309,8529.65
20180312,8524.28
20180313,8471.84
20180314,8427.48
20180315,8416.22
20180316,8436.1
20180319,8322.36
20180320,8334.31
20180321,8327.88
20180322,8121.86
20180323,7953.92
20180326,8162.26
20180327,8019.99
20180328,8000.11
20180329,8108.28
20180330,.
20180402,7925.67
20180403,8024.67
20180404,8117.18
20180405,8174.81
20180406,8000.15
20180409,8024.08
20180410,8159.85
20180411,8123
20180412,8187.05
20180413,8160.81
20180416,8228.33
20180417,8316.12
20180418,8326.21
20180419,8279.37
20180420,8212.96
20180423,8211.25
20180424,8109.38
20180425,8119.5
20180426,8198.13
20180427,8204.81
20180430,8139.1
20180501,8161.3
20180502,8111.52
20180503,8091.82
20180504,8197.49
20180507,8232.34
20180508,8235.67
20180509,8311.81
20180510,8385.05
20180511,8400.48
20180514,8403.78
20180515,8353.55
20180516,8393.83
20180517,8394.77
20180518,8378.19
20180521,8440.07
20180522,8408.58
20180523,8433.46
20180524,8420.1
20180525,8403.49
20180528,.
20180529,8318.72
20180530,8426.74
20180531,8368.87
20180601,8456.45
20180604,8496.14
20180605,8509.03
20180606,8581.39
20180607,8573.23
20180608,8601.3
20180611,8610.11
20180612,8629.21
20180613,8593.87
20180614,8619.69
20180615,8612.9
20180618,8603.44
20180619,8571.48
20180620,8594.08
20180621,8534.93
20180622,8547.93
20180625,8425.11
20180626,8447.59
20180627,8365.95
20180628,8417.63
20180629,8423.6
20180702,8452.04
20180703,8419.03
20180704,.
20180705,8494.33
20180706,8568.38
20180709,8644.04
20180710,8665.54
20180711,8604.81
20180712,8675.49
20180713,8681.17
20180716,8665.89
20180717,8703.36
20180718,8723.82
20180719,8700.32
20180720,8688.4
20180723,8701.46
20180724,8720.2
20180725,8793.81
20180726,8778.22
20180727,8707.49
20180730,8653.25
20180731,8703.15
20180801,8695.08
20180802,8747.5
20180803,8778.31
20180806,8814.64
20180807,8840.54
20180808,8836.36
20180809,8831.02
20180810,8776.76
20180813,8738.63
20180814,8798.19
20180815,8726.52
20180816,8798.34
20180817,8828.76
20180820,8852.22
20180821,8881.59
20180822,8882.43
20180823,8866.02
20180824,8921.46
20180827,8984.89
20180828,8988.67
20180829,9037.82
20180830,9001.17
20180831,9008.78
20180903,.
20180904,8994.58
20180905,8965.08
20180906,8931.62
20180907,8912.95
20180910,8932.39
20180911,8962.6
20180912,8965.01
20180913,9009.22
20180914,9018.27
20180917,8959.01
20180918,9006.34
20180919,9008.58
20180920,9079.89
20180921,9072.02
20180924,9039.28
20180925,9033.05
20180926,8995.64
20180927,9019.53
20180928,9023.69
20181001,9037.76
20181002,9023.86
20181003,9038.79
20181004,8957.33
20181005,8903.4
20181008,8893.43
20181009,8878.34
20181010,8590.5
20181011,8417.63
20181012,8527.59
20181015,8488.86
20181016,8677.94
20181017,8670.86
20181018,8543.18
20181019,8526.46
20181022,8491.81
20181023,8443.22
20181024,8175.89
20181025,8329.19
20181026,8191.88
20181029,8138.35
20181030,8270.16
20181031,8359.25
20181101,8462.91
20181102,8416.46
20181105,8454.51
20181106,8506.05
20181107,8680.33
20181108,8659.12
20181109,8573.28
20181112,8404.37
20181113,8393.83
20181114,8331.43
20181115,8426.29
20181116,8445.31
20181119,8298.05
20181120,8150.88
20181121,8189.47
20181122,.
20181123,8144.49
20181126,8270.19
20181127,8281.01
20181128,8473.95
20181129,8457.92
20181130,8526.68
20181203,8620.64
20181204,8333.56
20181205,.
20181206,8326.04
20181207,8134.72
20181210,8142.46
20181211,8137.09
20181212,8185.52
20181213,8170.04
20181214,8021.88
20181217,7850.48
20181218,7851.45
20181219,7728.59
20181220,7604.81
20181221,7444.64
20181224,7248.54
20181225,.
20181226,7608.69
20181227,7668.84
20181228,7665.86
20181231,7733.11
20190101,.
20190102,7741.16
20190103,7559.58
20190104,7821.13
20190107,7888.4
20190108,7971.67
20190109,8013.12
20190110,8051.07
20190111,8051.33
20190114,8005.51
20190115,8088.56
20190116,8112.83
20190117,8176.57
20190118,8281.99
20190121,.
20190122,8162.98
20190123,8175.72
20190124,8195.86
20190125,8272.04
20190128,8212.32
20190129,8200.73
20190130,8324.29
20190131,8396.87
20190201,8411.15
20190204,8471.5
20190205,8509.92
20190206,8492.1
20190207,8417.92
20190208,8426.56
20190211,8440.19
20190212,8548.61
20190213,8574.54
20190214,8558.76
20190215,8653.98
20190218,.
20190219,8668.56
20190220,8685.79
20190221,8655.47
20190222,8715.31
20190225,8726.4
20190226,8712.25
20190227,8715.82
20190228,8692.18
20190301,8752.68
20190304,8711.6
20190305,8698.67
20190306,8629.71
20190307,8562.64
20190308,8545.69
20190311,8673.3
20190312,8697.91
20190313,8755.35
20190314,8748.31
20190315,8788.16
20190318,8823.84
20190319,8816.72
20190320,8785.81
20190321,8886.23
20190322,8701.35
20190325,8697.15
20190326,8762.92
20190327,8722.7
20190328,8762.28
20190329,8819.1
20190401,8921.93
20190402,8920.77
20190403,8944.33
20190404,8962.5
20190405,9009.29
20190408,9016.78
20190409,8958.3
20190410,9001.79
20190411,9002.75
20190412,9061.69
20190415,9053.66
20190416,9057.89
20190417,9027.3
20190418,9039.36
20190419,.
20190422,9044.27
20190423,9132.18
20190424,9116.84
20190425,9104.44
20190426,9153.64
20190429,9166.17
20190430,9171.26
20190501,9100.68
20190502,9087.29
20190503,9184.97
20190506,9150.01
